Time,Airport,Altamount
0,19,33.9
1,19,33.9
2,19,33.9
3,19,33.9
4,19,33.9
5,19,33.9
6,19,33.9
7,19,33.9
8,19,33.9
9,19,33.9
10,19,33.9
11,19,33.9
12,19,33.9
13,19,33.9
14,19,33.9
15,19,33.9
16,19,33.9
17,19,33.9
18,19,33.9
19,19,33.9
20,19,33.9
21,19,33.9
22,19,33.9
23,19,33.9
24,19,33.9
25,19,33.9
26,19,33.9
27,19,33.9
18,7.7,25.8
19,7.7,25.8
20,7.7,25.8
21,7.7,25.8
22,7.7,25.8
23,7.7,25.8
24,7.7,25.8
25,7.7,25.8
26,7.7,25.8
27,7.7,25.8
0,21.6,36.5
1,21.6,36.5
2,21.6,36.5
3,21.6,36.5
4,21.6,36.5
5,21.6,36.5
6,21.6,36.5
7,21.6,36.5
8,21.6,36.5
9,21.6,36.5
10,21.6,36.5
11,21.6,36.5
12,21.6,36.5
13,21.6,36.5
14,21.6,36.5
15,21.6,36.5
16,21.6,36.5
17,21.6,36.5
18,21.6,36.5
19,21.6,36.5
20,21.6,36.5
21,21.6,36.5
22,21.6,36.5
23,21.6,36.5
24,21.6,36.5
25,21.6,36.5
26,21.6,36.5
27,21.6,36.5
27,22.8,37.7
17,26.9,36.8
18,26.9,36.8
19,26.9,36.8
20,26.9,36.8
23,26.9,36.8
26,26.9,36.8
27,26.9,36.8
2,37.5,47.4
3,37.5,47.4
4,37.5,47.4
5,37.5,47.4
6,37.5,47.4
7,37.5,47.4
8,37.5,47.4
9,37.5,47.4
10,37.5,47.4
11,37.5,47.4
12,37.5,47.4
13,37.5,47.4
14,37.5,47.4
15,37.5,47.4
16,37.5,47.4
17,37.5,47.4
18,37.5,47.4
19,37.5,47.4
20,37.5,47.4
21,37.5,47.4
22,37.5,47.4
23,37.5,47.4
24,37.5,47.4
25,37.5,47.4
26,37.5,47.4
27,37.5,47.4
0,37.6,47.5
1,37.6,47.5
2,37.6,47.5
3,37.6,47.5
4,37.6,47.5
5,37.6,47.5
6,37.6,47.5
7,37.6,47.5
8,37.6,47.5
9,37.6,47.5
10,37.6,47.5
11,37.6,47.5
12,37.6,47.5
13,37.6,47.5
14,37.6,47.5
15,37.6,47.5
16,37.6,47.5
17,37.6,47.5
18,37.6,47.5
19,37.6,47.5
20,37.6,47.5
21,37.6,47.5
22,37.6,47.5
23,37.6,47.5
24,37.6,47.5
25,37.6,47.5
26,37.6,47.5
27,37.6,47.5
16,44.5,54.4
17,44.5,54.4
18,44.5,54.4
19,44.5,54.4
20,44.5,54.4
21,44.5,54.4
22,44.5,54.4
23,44.5,54.4
24,44.5,54.4
25,44.5,54.4
26,44.5,54.4
27,44.5,54.4
22,69.7,79.6
23,69.7,79.6
24,69.7,79.6
25,69.7,79.6
26,69.7,79.6
27,69.7,79.6
22,39.4,49.3
23,39.4,49.3
24,39.4,49.3
25,39.4,49.3
26,39.4,49.3
27,39.4,49.3
0,38.5,48.4
1,38.5,48.4
2,38.5,48.4
3,38.5,48.4
4,38.5,48.4
5,38.5,48.4
6,38.5,48.4
7,38.5,48.4
8,38.5,48.4
9,38.5,48.4
10,38.5,48.4
11,38.5,48.4
12,38.5,48.4
13,38.5,48.4
14,38.5,48.4
15,38.5,48.4
16,38.5,48.4
17,38.5,48.4
18,38.5,48.4
19,38.5,48.4
20,38.5,48.4
21,38.5,48.4
22,38.5,48.4
23,38.5,48.4
24,38.5,48.4
25,38.5,48.4
26,38.5,48.4
27,38.5,48.4
0,35.1,45
1,35.1,45
2,35.1,45
3,35.1,45
4,35.1,45
5,35.1,45
6,35.1,45
7,35.1,45
8,35.1,45
9,35.1,45
10,35.1,45
11,35.1,45
12,35.1,45
13,35.1,45
14,35.1,45
15,35.1,45
16,35.1,45
17,35.1,45
18,35.1,45
19,35.1,45
20,35.1,45
21,35.1,45
22,35.1,45
23,35.1,45
24,35.1,45
25,35.1,45
26,35.1,45
27,35.1,45
0,24,36.1
1,24,36.1
2,24,36.1
3,24,36.1
4,24,36.1
5,24,36.1
6,24,36.1
7,24,36.1
8,24,36.1
9,24,36.1
10,24,36.1
11,24,36.1
12,24,36.1
13,24,36.1
14,24,36.1
15,24,36.1
16,24,36.1
17,24,36.1
18,24,36.1
19,24,36.1
20,24,36.1
21,24,36.1
22,24,36.1
23,24,36.1
24,24,36.1
25,24,36.1
26,24,36.1
27,24,36.1
21,38.3,48.2
22,38.3,48.2
23,38.3,48.2
24,38.3,48.2
25,38.3,48.2
26,38.3,48.2
27,38.3,48.2
20,39,48.9
22,39,48.9
24,39,48.9
25,39,48.9
26,39,48.9
27,39,48.9
0,28.7,38.6
1,28.7,38.6
2,28.7,38.6
3,28.7,38.6
4,28.7,38.6
5,28.7,38.6
6,28.7,38.6
7,28.7,38.6
8,28.7,38.6
9,28.7,38.6
10,28.7,38.6
11,28.7,38.6
12,28.7,38.6
13,28.7,38.6
14,28.7,38.6
15,28.7,38.6
16,28.7,38.6
17,28.7,38.6
18,28.7,38.6
19,28.7,38.6
20,28.7,38.6
21,28.7,38.6
22,28.7,38.6
23,28.7,38.6
24,28.7,38.6
25,28.7,38.6
26,28.7,38.6
27,28.7,38.6
26,31.5,41.4
27,31.5,41.4
24,40.9,50.8
26,40.9,50.8
27,40.9,50.8
27,37.1,47
1,23.4,34.3
2,23.4,34.3
3,23.4,34.3
4,23.4,34.3
5,23.4,34.3
6,23.4,34.3
7,23.4,34.3
8,23.4,34.3
9,23.4,34.3
10,23.4,34.3
11,23.4,34.3
12,23.4,34.3
13,23.4,34.3
14,23.4,34.3
15,23.4,34.3
16,23.4,34.3
17,23.4,34.3
18,23.4,34.3
19,23.4,34.3
23,23.4,34.3
24,23.4,34.3
25,23.4,34.3
26,23.4,34.3
27,23.4,34.3
0,43.9,53.8
1,43.9,53.8
2,43.9,53.8
3,43.9,53.8
4,43.9,53.8
5,43.9,53.8
6,43.9,53.8
7,43.9,53.8
8,43.9,53.8
9,43.9,53.8
10,43.9,53.8
11,43.9,53.8
12,43.9,53.8
13,43.9,53.8
14,43.9,53.8
15,43.9,53.8
16,43.9,53.8
17,43.9,53.8
18,43.9,53.8
19,43.9,53.8
21,43.9,53.8
22,43.9,53.8
23,43.9,53.8
24,43.9,53.8
25,43.9,53.8
26,43.9,53.8
27,43.9,53.8
23,40.2,50.1
24,40.2,50.1
7,37.1,47
9,37.1,47
10,37.1,47
11,37.1,47
12,37.1,47
13,37.1,47
14,37.1,47
15,37.1,47
16,37.1,47
17,37.1,47
18,37.1,47
19,37.1,47
20,37.1,47
21,37.1,47
22,37.1,47
23,37.1,47
24,37.1,47
25,37.1,47
26,37.1,47
27,37.1,47
0,23.9,33.8
1,23.9,33.8
2,23.9,33.8
3,23.9,33.8
4,23.9,33.8
5,23.9,33.8
6,23.9,33.8
7,23.9,33.8
8,23.9,33.8
9,23.9,33.8
10,23.9,33.8
11,23.9,33.8
12,23.9,33.8
13,23.9,33.8
14,23.9,33.8
15,23.9,33.8
16,23.9,33.8
17,23.9,33.8
18,23.9,33.8
19,23.9,33.8
20,23.9,33.8
21,23.9,33.8
22,23.9,33.8
23,23.9,33.8
24,23.9,33.8
26,23.9,33.8
27,23.9,33.8
0,29.6,39.5
1,29.6,39.5
2,29.6,39.5
3,29.6,39.5
4,29.6,39.5
5,29.6,39.5
6,29.6,39.5
7,29.6,39.5
8,29.6,39.5
9,29.6,39.5
10,29.6,39.5
11,29.6,39.5
12,29.6,39.5
13,29.6,39.5
14,29.6,39.5
15,29.6,39.5
16,29.6,39.5
17,29.6,39.5
18,29.6,39.5
19,29.6,39.5
20,29.6,39.5
21,29.6,39.5
22,29.6,39.5
23,29.6,39.5
24,29.6,39.5
25,29.6,39.5
26,29.6,39.5
27,29.6,39.5
26,37.3,47.2
27,37.3,47.2
27,33.6,43.5
20,33.8,43.7
21,33.8,43.7
23,33.8,43.7
25,33.8,43.7
26,33.8,43.7
27,33.8,43.7
26,36.7,46.6
27,36.7,46.6
20,33.4,43.3
21,33.4,43.3
22,33.4,43.3
24,33.4,43.3
25,33.4,43.3
26,33.4,43.3
27,33.4,43.3
23,37.9,47.8
24,37.9,47.8
25,37.9,47.8
27,37.9,47.8
26,18.7,33.6
27,18.7,33.6
20,38.1,48
23,38.1,48
24,38.1,48
25,38.1,48
26,38.1,48
27,38.1,48
25,37.3,47.2
26,37.3,47.2
20,34.7,44.6
21,34.7,44.6
22,34.7,44.6
23,34.7,44.6
24,34.7,44.6
25,34.7,44.6
26,34.7,44.6
27,34.7,44.6
27,35.3,45.2
26,35.3,45.2
27,35.3,45.2
25,38.5,48.3
26,38.5,48.3
27,38.5,48.3
21,37.7,47.6
23,37.7,47.6
24,37.7,47.6
25,37.7,47.6
26,37.7,47.6
27,37.7,47.6
24,36.9,46.7
25,36.9,46.7
26,36.9,46.7
27,36.9,46.7
24,19.1,33.9
26,19.1,33.9
27,19.1,33.9
27,23.9,36.4
25,26.6,36.5
26,26.6,36.5
27,26.6,36.5
24,35.9,45.8
25,35.9,45.8
26,35.9,45.8
27,35.9,45.8
23,38.9,48.8
24,38.9,48.8
25,38.9,48.8
26,38.9,48.8
27,38.9,48.8
22,38.9,48.8
23,38.9,48.8
24,38.9,48.8
26,38.9,48.8
27,38.9,48.8
20,36.7,46.6
21,36.7,46.6
22,36.7,46.6
23,36.7,46.6
25,36.7,46.6
26,36.7,46.6
27,36.7,46.6
26,29.9,39.8
27,29.9,39.8
25,30.6,40.5
26,30.6,40.5
27,30.6,40.5
24,38.1,48
25,38.1,48
26,38.1,48
27,38.1,48
20,37.8,47.7
21,37.8,47.7
22,37.8,47.7
23,37.8,47.7
25,37.8,47.7
26,37.8,47.7
27,37.8,47.7
20,37.1,47
21,37.1,47
22,37.1,47
23,37.1,47
24,37.1,47
25,37.1,47
26,37.1,47
27,37.1,47
27,38.3,48.2
24,37.2,47.1
25,37.2,47.1
27,37.2,47.1
25,37.5,47.4
26,37.5,47.4
27,37.5,47.4
25,29.6,39.5
26,29.6,39.5
27,29.6,39.5
24,32.7,42.6
26,32.7,42.6
27,32.7,42.6
23,36.9,46.8
24,36.9,46.8
25,36.9,46.8
26,36.9,46.8
27,36.9,46.8
27,31.9,41.8
21,36.5,46.4
22,36.5,46.4
23,36.5,46.4
24,36.5,46.4
25,36.5,46.4
26,36.5,46.4
27,36.5,46.4
21,37,46.9
22,37,46.9
23,37,46.9
24,37,46.9
25,37,46.9
26,37,46.9
27,37,46.9
23,33,42.9
24,33,42.9
25,33,42.9
26,33,42.9
27,33,42.9
23,18.6,33.5
24,18.6,33.5
25,18.6,33.5
26,18.6,33.5
27,18.6,33.5
26,18,32.9
27,18,32.9
24,37.3,47.2
25,37.3,47.2
26,37.3,47.2
27,37.3,47.2
20,33.9,43.8
21,33.9,43.8
22,33.9,43.8
23,33.9,43.8
24,33.9,43.8
25,33.9,43.8
26,33.9,43.8
27,33.9,43.8
13,30.5,40.4
15,30.5,40.4
16,30.5,40.4
24,30.5,40.4
26,30.5,40.4
27,30.5,40.4
26,33.9,43.8
27,33.9,43.8
23,25.8,35.7
24,25.8,35.7
27,25.8,35.7
20,34.5,44.4
23,34.5,44.4
24,34.5,44.4
25,34.5,44.4
26,34.5,44.4
27,34.5,44.4
23,34.7,44.6
25,34.7,44.6
26,34.7,44.6
27,34.7,44.6
5,31.8,41.7
6,31.8,41.7
13,31.8,41.7
14,31.8,41.7
15,31.8,41.7
16,31.8,41.7
17,31.8,41.7
18,31.8,41.7
23,31.8,41.7
25,31.8,41.7
26,31.8,41.7
27,31.8,41.7
20,34.3,44.2
21,34.3,44.2
22,34.3,44.2
23,34.3,44.2
24,34.3,44.2
25,34.3,44.2
26,34.3,44.2
27,34.3,44.2
27,38.2,48.1
20,38.1,48
21,38.1,48
22,38.1,48
23,38.1,48
24,38.1,48
25,38.1,48
26,38.1,48
27,38.1,48
27,22.3,32.2
20,38.3,48.2
21,38.3,48.2
22,38.3,48.2
23,38.3,48.2
24,38.3,48.2
25,38.3,48.2
26,38.3,48.2
27,38.3,48.2
20,34.8,44.7
21,34.8,44.7
23,34.8,44.7
24,34.8,44.7
25,34.8,44.7
26,34.8,44.7
27,34.8,44.7
26,38.2,48.1
27,38.2,48.1
20,35.4,45.3
21,35.4,45.3
22,35.4,45.3
23,35.4,45.3
24,35.4,45.3
25,35.4,45.3
26,35.4,45.3
27,35.4,45.3
20,36.3,46.2
23,36.3,46.2
24,36.3,46.2
25,36.3,46.2
26,36.3,46.2
27,36.3,46.2
25,28.7,38.6
26,28.7,38.6
27,28.7,38.6
23,20,34.8
24,20,34.8
25,20,34.8
26,20,34.8
27,20,34.8
26,30.5,40.4
22,37.5,47.3
23,37.5,47.3
24,37.5,47.3
25,37.5,47.3
26,37.5,47.3
27,37.5,47.3
20,35.2,45.1
21,35.2,45.1
22,35.2,45.1
23,35.2,45.1
24,35.2,45.1
25,35.2,45.1
26,35.2,45.1
27,35.2,45.1
20,35.1,45
23,35.1,45
24,35.1,45
25,35.1,45
26,35.1,45
27,35.1,45
20,38.1,48
21,38.1,48
22,38.1,48
23,38.1,48
24,38.1,48
25,38.1,48
26,38.1,48
27,38.1,48
20,35.2,45.1
21,35.2,45.1
22,35.2,45.1
23,35.2,45.1
24,35.2,45.1
25,35.2,45.1
26,35.2,45.1
27,35.2,45.1
27,29,38.9
23,35.2,45.1
24,35.2,45.1
25,35.2,45.1
26,35.2,45.1
27,35.2,45.1
20,38.2,48.1
21,38.2,48.1
22,38.2,48.1
23,38.2,48.1
24,38.2,48.1
25,38.2,48.1
26,38.2,48.1
27,38.2,48.1
20,34.7,44.6
23,34.7,44.6
24,34.7,44.6
25,34.7,44.6
26,34.7,44.6
27,34.7,44.6
24,25.7,35.6
25,25.7,35.6
26,25.7,35.6
27,25.7,35.6
26,25.5,35.4
27,25.5,35.4
27,27,36.9
20,37.1,47
21,37.1,47
22,37.1,47
23,37.1,47
24,37.1,47
25,37.1,47
26,37.1,47
27,37.1,47
22,37.5,47.4
23,37.5,47.4
24,37.5,47.4
25,37.5,47.4
26,37.5,47.4
27,37.5,47.4
24,38.3,48.2
26,38.3,48.2
27,38.3,48.2
22,38.2,48.1
23,38.2,48.1
24,38.2,48.1
25,38.2,48.1
26,38.2,48.1
27,38.2,48.1
21,36.8,46.7
22,36.8,46.7
23,36.8,46.7
24,36.8,46.7
25,36.8,46.7
26,36.8,46.7
27,36.8,46.7
20,38.2,48.1
21,38.2,48.1
22,38.2,48.1
23,38.2,48.1
24,38.2,48.1
25,38.2,48.1
26,38.2,48.1
27,38.2,48.1
22,29.7,45.3
23,29.7,45.3
24,29.7,45.3
25,29.7,45.3
26,29.7,45.3
27,29.7,45.3
18,39,48.9
19,39,48.9
20,39,48.9
21,39,48.9
22,39,48.9
23,39,48.9
24,39,48.9
25,39,48.9
26,39,48.9
27,39,48.9
7,41.7,51.6
8,41.7,51.6
9,41.7,51.6
10,41.7,51.6
11,41.7,51.6
12,41.7,51.6
13,41.7,51.6
14,41.7,51.6
15,41.7,51.6
16,41.7,51.6
17,41.7,51.6
18,41.7,51.6
19,41.7,51.6
20,41.7,51.6
21,41.7,51.6
22,41.7,51.6
23,41.7,51.6
24,41.7,51.6
25,41.7,51.6
26,41.7,51.6
27,41.7,51.6
5,36.5,46.4
6,36.5,46.4
7,36.5,46.4
8,36.5,46.4
9,36.5,46.4
10,36.5,46.4
11,36.5,46.4
12,36.5,46.4
13,36.5,46.4
14,36.5,46.4
15,36.5,46.4
16,36.5,46.4
17,36.5,46.4
18,36.5,46.4
19,36.5,46.4
20,36.5,46.4
21,36.5,46.4
22,36.5,46.4
23,36.5,46.4
24,36.5,46.4
25,36.5,46.4
26,36.5,46.4
27,36.5,46.4
0,22.4,32.3
1,22.4,32.3
2,22.4,32.3
3,22.4,32.3
4,22.4,32.3
5,22.4,32.3
6,22.4,32.3
7,22.4,32.3
8,22.4,32.3
9,22.4,32.3
10,22.4,32.3
11,22.4,32.3
12,22.4,32.3
13,22.4,32.3
14,22.4,32.3
15,22.4,32.3
16,22.4,32.3
17,22.4,32.3
18,22.4,32.3
19,22.4,32.3
25,22.4,32.3
27,22.4,32.3
25,43.9,53.8
26,43.9,53.8
27,43.9,53.8
22,10.4,15.8
23,10.4,15.8
26,10.4,15.8
27,10.4,15.8
11,16,30.9
13,16,30.9
14,16,30.9
15,16,30.9
16,16,30.9
17,16,30.9
18,16,30.9
19,16,30.9
21,16,30.9
24,16,30.9
25,16,30.9
26,16,30.9
0,12.1,29.8
1,12.1,29.8
2,12.1,29.8
3,12.1,29.8
4,12.1,29.8
5,12.1,29.8
6,12.1,29.8
7,12.1,29.8
8,12.1,29.8
9,12.1,29.8
10,12.1,29.8
11,12.1,29.8
12,12.1,29.8
13,12.1,29.8
14,12.1,29.8
15,12.1,29.8
16,12.1,29.8
17,12.1,29.8
18,12.1,29.8
19,12.1,29.8
20,12.1,29.8
21,12.1,29.8
22,12.1,29.8
23,12.1,29.8
24,12.1,29.8
25,12.1,29.8
26,12.1,29.8
27,12.1,29.8
17,4.7,26.7
18,4.7,26.7
19,4.7,26.7
20,4.7,26.7
21,4.7,26.7
22,4.7,26.7
23,4.7,26.7
24,4.7,26.7
25,4.7,26.7
26,4.7,26.7
27,4.7,26.7
10,6.9,19
11,6.9,19
12,6.9,19
13,6.9,19
14,6.9,19
15,6.9,19
16,6.9,19
17,6.9,19
18,6.9,19
19,6.9,19
20,6.9,19
23,6.9,19
24,6.9,19
25,6.9,19
26,6.9,19
27,6.9,19
1,5.2,22.1
4,5.2,22.1
5,5.2,22.1
6,5.2,22.1
7,5.2,22.1
8,5.2,22.1
9,5.2,22.1
10,5.2,22.1
11,5.2,22.1
12,5.2,22.1
13,5.2,22.1
14,5.2,22.1
15,5.2,22.1
16,5.2,22.1
17,5.2,22.1
18,5.2,22.1
19,5.2,22.1
20,5.2,22.1
21,5.2,22.1
22,5.2,22.1
23,5.2,22.1
24,5.2,22.1
25,5.2,22.1
26,5.2,22.1
27,5.2,22.1
0,6.7,31.6
1,6.7,31.6
4,6.7,31.6
5,6.7,31.6
6,6.7,31.6
7,6.7,31.6
8,6.7,31.6
9,6.7,31.6
10,6.7,31.6
11,6.7,31.6
12,6.7,31.6
13,6.7,31.6
14,6.7,31.6
15,6.7,31.6
16,6.7,31.6
17,6.7,31.6
18,6.7,31.6
19,6.7,31.6
20,6.7,31.6
21,6.7,31.6
22,6.7,31.6
23,6.7,31.6
26,6.7,31.6
27,11.2,28.9
8,10.3,26.4
10,10.3,26.4
11,10.3,26.4
13,10.3,26.4
14,10.3,26.4
15,10.3,26.4
16,10.3,26.4
17,10.3,26.4
18,10.3,26.4
19,10.3,26.4
20,10.3,26.4
21,10.3,26.4
25,10.3,26.4
26,10.3,26.4
6,10.2,27.9
9,10.2,27.9
10,10.2,27.9
11,10.2,27.9
12,10.2,27.9
13,10.2,27.9
14,10.2,27.9
15,10.2,27.9
16,10.2,27.9
17,10.2,27.9
18,10.2,27.9
19,10.2,27.9
22,10.2,27.9
23,10.2,27.9
24,10.2,27.9
25,10.2,27.9
26,10.2,27.9
27,10.2,27.9
13,9.1,16.1
16,9.1,16.1
17,9.1,16.1
18,9.1,16.1
19,9.1,16.1
20,9.1,16.1
21,9.1,16.1
22,9.1,16.1
24,9.1,16.1
25,9.1,16.1
26,9.1,16.1
27,9.1,16.1
9,7.5,20.1
10,7.5,20.1
12,7.5,20.1
13,7.5,20.1
14,7.5,20.1
15,7.5,20.1
16,7.5,20.1
17,7.5,20.1
18,7.5,20.1
19,7.5,20.1
20,7.5,20.1
21,7.5,20.1
24,7.5,20.1
25,7.5,20.1
26,7.5,20.1
11,9,26.7
13,9,26.7
16,9,26.7
17,9,26.7
18,9,26.7
19,9,26.7
20,9,26.7
21,9,26.7
22,9,26.7
23,9,26.7
24,9,26.7
25,9,26.7
26,9,26.7
27,9,26.7
0,17.7,32.6
1,17.7,32.6
2,17.7,32.6
3,17.7,32.6
4,17.7,32.6
5,17.7,32.6
6,17.7,32.6
7,17.7,32.6
8,17.7,32.6
9,17.7,32.6
10,17.7,32.6
11,17.7,32.6
12,17.7,32.6
13,17.7,32.6
14,17.7,32.6
15,17.7,32.6
16,17.7,32.6
17,17.7,32.6
18,17.7,32.6
19,17.7,32.6
22,17.7,32.6
23,17.7,32.6
24,17.7,32.6
25,17.7,32.6
26,17.7,32.6
27,17.7,32.6
0,17.7,32.6
1,17.7,32.6
2,17.7,32.6
3,17.7,32.6
4,17.7,32.6
5,17.7,32.6
6,17.7,32.6
7,17.7,32.6
8,17.7,32.6
9,17.7,32.6
10,17.7,32.6
11,17.7,32.6
12,17.7,32.6
13,17.7,32.6
14,17.7,32.6
15,17.7,32.6
16,17.7,32.6
17,17.7,32.6
18,17.7,32.6
19,17.7,32.6
20,17.7,32.6
22,17.7,32.6
23,17.7,32.6
24,17.7,32.6
25,17.7,32.6
26,17.7,32.6
27,17.7,32.6
0,17.7,32.6
1,17.7,32.6
2,17.7,32.6
3,17.7,32.6
4,17.7,32.6
5,17.7,32.6
6,17.7,32.6
7,17.7,32.6
8,17.7,32.6
9,17.7,32.6
10,17.7,32.6
11,17.7,32.6
12,17.7,32.6
13,17.7,32.6
14,17.7,32.6
15,17.7,32.6
16,17.7,32.6
17,17.7,32.6
18,17.7,32.6
19,17.7,32.6
20,17.7,32.6
21,17.7,32.6
22,17.7,32.6
23,17.7,32.6
24,17.7,32.6
25,17.7,32.6
26,17.7,32.6
27,17.7,32.6
23,17.3,32.2
25,17.3,32.2
27,17.3,32.2
0,5.7,30.3
1,5.7,30.3
2,5.7,30.3
3,5.7,30.3
4,5.7,30.3
5,5.7,30.3
6,5.7,30.3
7,5.7,30.3
8,5.7,30.3
9,5.7,30.3
10,5.7,30.3
11,5.7,30.3
12,5.7,30.3
13,5.7,30.3
14,5.7,30.3
15,5.7,30.3
16,5.7,30.3
17,5.7,30.3
18,5.7,30.3
19,5.7,30.3
20,5.7,30.3
21,5.7,30.3
22,5.7,30.3
23,5.7,30.3
24,5.7,30.3
25,5.7,30.3
26,5.7,30.3
27,5.7,30.3
17,4.8,26.8
18,4.8,26.8
22,4.8,26.8
23,4.8,26.8
24,4.8,26.8
25,4.8,26.8
26,4.8,26.8
27,4.8,26.8
20,10.2,26.3
21,10.2,26.3
22,10.2,26.3
23,10.2,26.3
24,10.2,26.3
25,10.2,26.3
26,10.2,26.3
4,9.6,12.5
5,9.6,12.5
8,9.6,12.5
10,9.6,12.5
11,9.6,12.5
12,9.6,12.5
13,9.6,12.5
14,9.6,12.5
15,9.6,12.5
16,9.6,12.5
17,9.6,12.5
18,9.6,12.5
19,9.6,12.5
25,9.6,12.5
23,8.6,13.1
25,8.6,13.1
26,8.6,13.1
27,8.6,13.1
11,10.2,17.7
12,10.2,17.7
14,10.2,17.7
15,10.2,17.7
16,10.2,17.7
20,10.2,17.7
21,10.2,17.7
22,10.2,17.7
23,10.2,17.7
24,10.2,17.7
25,10.2,17.7
26,10.2,17.7
27,10.2,17.7
25,10.3,22.9
27,10.3,22.9
11,17.1,24.5
13,17.1,24.5
14,17.1,24.5
15,17.1,24.5
16,17.1,24.5
17,17.1,24.5
18,17.1,24.5
19,17.1,24.5
20,17.1,24.5
21,17.1,24.5
24,17.1,24.5
25,17.1,24.5
27,17.1,24.5
7,17.1,24.5
9,17.1,24.5
11,17.1,24.5
12,17.1,24.5
14,17.1,24.5
15,17.1,24.5
16,17.1,24.5
17,17.1,24.5
18,17.1,24.5
19,17.1,24.5
22,17.1,24.5
23,17.1,24.5
24,17.1,24.5
25,17.1,24.5
26,17.1,24.5
27,17.1,24.5
23,12.9,18.2
24,12.9,18.2
25,12.9,18.2
26,12.9,18.2
27,12.9,18.2
24,16.7,7.3
27,16.7,7.3
5,14.1,19.5
6,14.1,19.5
7,14.1,19.5
8,14.1,19.5
9,14.1,19.5
10,14.1,19.5
11,14.1,19.5
12,14.1,19.5
13,14.1,19.5
14,14.1,19.5
15,14.1,19.5
16,14.1,19.5
17,14.1,19.5
18,14.1,19.5
19,14.1,19.5
20,14.1,19.5
21,14.1,19.5
22,14.1,19.5
23,14.1,19.5
24,14.1,19.5
25,14.1,19.5
27,14.1,19.5
0,14.1,19.5
1,14.1,19.5
2,14.1,19.5
3,14.1,19.5
4,14.1,19.5
5,14.1,19.5
6,14.1,19.5
7,14.1,19.5
8,14.1,19.5
9,14.1,19.5
10,14.1,19.5
11,14.1,19.5
12,14.1,19.5
13,14.1,19.5
14,14.1,19.5
15,14.1,19.5
16,14.1,19.5
17,14.1,19.5
18,14.1,19.5
19,14.1,19.5
20,14.1,19.5
21,14.1,19.5
22,14.1,19.5
23,14.1,19.5
27,14.1,19.5
0,10.1,17.5
1,10.1,17.5
2,10.1,17.5
14,10.1,17.5
20,10.1,17.5
23,10.1,17.5
26,10.1,17.5
5,13.1,23.3
6,13.1,23.3
7,13.1,23.3
9,13.1,23.3
10,13.1,23.3
11,13.1,23.3
12,13.1,23.3
13,13.1,23.3
14,13.1,23.3
15,13.1,23.3
16,13.1,23.3
18,13.1,23.3
19,13.1,23.3
20,13.1,23.3
21,13.1,23.3
22,13.1,23.3
23,13.1,23.3
24,13.1,23.3
25,13.1,23.3
26,13.1,23.3
27,13.1,23.3
11,13.7,24.3
13,13.7,24.3
14,13.7,24.3
18,13.7,24.3
22,13.7,24.3
26,13.7,24.3
27,13.7,24.3
24,10.5,14.4
25,10.5,14.4
26,10.5,14.4
27,10.5,14.4
22,16.7,7.3
25,16.7,7.3
27,11.9,15.8
10,10.2,17.7
11,10.2,17.7
12,10.2,17.7
14,10.2,17.7
15,10.2,17.7
16,10.2,17.7
17,10.2,17.7
18,10.2,17.7
19,10.2,17.7
20,10.2,17.7
21,10.2,17.7
22,10.2,17.7
23,10.2,17.7
24,10.2,17.7
25,10.2,17.7
26,10.2,17.7
27,10.2,17.7
0,14.9,12.6
1,14.9,12.6
2,14.9,12.6
3,14.9,12.6
4,14.9,12.6
5,14.9,12.6
6,14.9,12.6
7,14.9,12.6
8,14.9,12.6
9,14.9,12.6
10,14.9,12.6
11,14.9,12.6
12,14.9,12.6
13,14.9,12.6
14,14.9,12.6
15,14.9,12.6
16,14.9,12.6
17,14.9,12.6
18,14.9,12.6
19,14.9,12.6
21,14.9,12.6
22,14.9,12.6
23,14.9,12.6
24,14.9,12.6
25,14.9,12.6
26,14.9,12.6
27,14.9,12.6
19,13.3,10.6
20,13.3,10.6
21,13.3,10.6
22,13.3,10.6
23,13.3,10.6
24,13.3,10.6
25,13.3,10.6
26,13.3,10.6
27,13.3,10.6
22,11.2,10.5
24,11.2,10.5
25,11.2,10.5
27,11.2,10.5
20,16.8,4.4
21,16.8,4.4
22,16.8,4.4
27,16.8,4.4
7,18.8,0
9,18.8,0
10,18.8,0
13,18.8,0
16,18.8,0
19,18.8,0
24,18.8,0
25,18.8,0
26,18.8,0
27,18.8,0
7,18.8,1.4
9,18.8,1.4
10,18.8,1.4
12,18.8,1.4
13,18.8,1.4
14,18.8,1.4
15,18.8,1.4
16,18.8,1.4
18,18.8,1.4
19,18.8,1.4
25,18.8,1.4
27,18.8,1.4
15,23.4,5.2
16,23.4,5.2
18,23.4,5.2
20,23.4,5.2
21,23.4,5.2
22,23.4,5.2
23,23.4,5.2
25,23.4,5.2
26,23.4,5.2
1,26.5,8.9
2,26.5,8.9
7,26.5,8.9
8,26.5,8.9
9,26.5,8.9
10,26.5,8.9
11,26.5,8.9
12,26.5,8.9
13,26.5,8.9
14,26.5,8.9
15,26.5,8.9
16,26.5,8.9
17,26.5,8.9
18,26.5,8.9
19,26.5,8.9
23,26.5,8.9
24,26.5,8.9
26,26.5,8.9
27,26.5,8.9
1,25.6,8
2,25.6,8
4,25.6,8
6,25.6,8
7,25.6,8
9,25.6,8
10,25.6,8
11,25.6,8
12,25.6,8
13,25.6,8
14,25.6,8
15,25.6,8
16,25.6,8
17,25.6,8
18,25.6,8
19,25.6,8
20,25.6,8
21,25.6,8
22,25.6,8
23,25.6,8
24,25.6,8
26,25.6,8
27,25.6,8
20,9.8,8.9
21,9.8,8.9
22,9.8,8.9
23,9.8,8.9
24,9.8,8.9
25,9.8,8.9
26,9.8,8.9
27,9.8,8.9
4,12.2,8.5
7,12.2,8.5
8,12.2,8.5
9,12.2,8.5
10,12.2,8.5
12,12.2,8.5
13,12.2,8.5
14,12.2,8.5
15,12.2,8.5
16,12.2,8.5
17,12.2,8.5
18,12.2,8.5
19,12.2,8.5
20,12.2,8.5
21,12.2,8.5
22,12.2,8.5
24,12.2,8.5
25,12.2,8.5
26,12.2,8.5
27,12.2,8.5
0,9.7,8.8
1,9.7,8.8
2,9.7,8.8
3,9.7,8.8
4,9.7,8.8
5,9.7,8.8
6,9.7,8.8
7,9.7,8.8
8,9.7,8.8
9,9.7,8.8
10,9.7,8.8
11,9.7,8.8
12,9.7,8.8
13,9.7,8.8
14,9.7,8.8
15,9.7,8.8
16,9.7,8.8
17,9.7,8.8
18,9.7,8.8
19,9.7,8.8
20,9.7,8.8
21,9.7,8.8
22,9.7,8.8
23,9.7,8.8
24,9.7,8.8
25,9.7,8.8
26,9.7,8.8
27,9.7,8.8
0,13,7.2
1,13,7.2
2,13,7.2
4,13,7.2
5,13,7.2
6,13,7.2
7,13,7.2
8,13,7.2
9,13,7.2
10,13,7.2
11,13,7.2
12,13,7.2
13,13,7.2
14,13,7.2
15,13,7.2
16,13,7.2
17,13,7.2
18,13,7.2
19,13,7.2
20,13,7.2
21,13,7.2
22,13,7.2
23,13,7.2
25,13,7.2
27,13,7.2
3,16.8,3.3
4,16.8,3.3
5,16.8,3.3
6,16.8,3.3
7,16.8,3.3
8,16.8,3.3
9,16.8,3.3
10,16.8,3.3
11,16.8,3.3
12,16.8,3.3
13,16.8,3.3
14,16.8,3.3
15,16.8,3.3
16,16.8,3.3
17,16.8,3.3
18,16.8,3.3
19,16.8,3.3
20,16.8,3.3
21,16.8,3.3
22,16.8,3.3
23,16.8,3.3
24,16.8,3.3
25,16.8,3.3
26,16.8,3.3
27,16.8,3.3
10,20,2.3
13,20,2.3
15,20,2.3
16,20,2.3
17,20,2.3
18,20,2.3
19,20,2.3
20,20,2.3
21,20,2.3
22,20,2.3
23,20,2.3
24,20,2.3
25,20,2.3
26,20,2.3
27,20,2.3
8,9.6,12.4
11,9.6,12.4
12,9.6,12.4
13,9.6,12.4
14,9.6,12.4
15,9.6,12.4
16,9.6,12.4
17,9.6,12.4
18,9.6,12.4
19,9.6,12.4
20,9.6,12.4
21,9.6,12.4
22,9.6,12.4
23,9.6,12.4
24,9.6,12.4
25,9.6,12.4
26,9.6,12.4
27,9.6,12.4
25,9.6,12.4
27,9.6,12.4
23,9.6,12.4
24,9.6,12.4
27,9.6,12.4
0,19.4,1.9
1,19.4,1.9
4,19.4,1.9
5,19.4,1.9
6,19.4,1.9
7,19.4,1.9
8,19.4,1.9
9,19.4,1.9
10,19.4,1.9
11,19.4,1.9
12,19.4,1.9
13,19.4,1.9
14,19.4,1.9
15,19.4,1.9
16,19.4,1.9
17,19.4,1.9
18,19.4,1.9
19,19.4,1.9
20,19.4,1.9
21,19.4,1.9
22,19.4,1.9
24,19.4,1.9
25,19.4,1.9
26,19.4,1.9
27,19.4,1.9
1,13,7.2
2,13,7.2
3,13,7.2
4,13,7.2
5,13,7.2
6,13,7.2
7,13,7.2
8,13,7.2
9,13,7.2
10,13,7.2
11,13,7.2
12,13,7.2
13,13,7.2
14,13,7.2
15,13,7.2
16,13,7.2
17,13,7.2
18,13,7.2
19,13,7.2
26,13,7.2
27,13,7.2
22,13.3,8.9
24,13.3,8.9
25,13.3,8.9
26,13.3,8.9
27,13.3,8.9
6,19.1,0.5
9,19.1,0.5
12,19.1,0.5
13,19.1,0.5
14,19.1,0.5
15,19.1,0.5
16,19.1,0.5
17,19.1,0.5
18,19.1,0.5
19,19.1,0.5
20,19.1,0.5
21,19.1,0.5
22,19.1,0.5
23,19.1,0.5
25,19.1,0.5
26,19.1,0.5
27,19.1,0.5
0,11,7.4
1,11,7.4
2,11,7.4
3,11,7.4
4,11,7.4
5,11,7.4
6,11,7.4
7,11,7.4
8,11,7.4
9,11,7.4
10,11,7.4
11,11,7.4
12,11,7.4
13,11,7.4
14,11,7.4
15,11,7.4
16,11,7.4
17,11,7.4
18,11,7.4
19,11,7.4
20,11,7.4
21,11,7.4
22,11,7.4
23,11,7.4
24,11,7.4
25,11,7.4
26,11,7.4
27,11,7.4
16,9,9.2
17,9,9.2
19,9,9.2
20,9,9.2
22,9,9.2
23,9,9.2
24,9,9.2
26,9,9.2
27,9,9.2
23,15.4,5.5
24,15.4,5.5
25,15.4,5.5
26,15.4,5.5
27,15.4,5.5
0,14.8,5.6
1,14.8,5.6
2,14.8,5.6
3,14.8,5.6
4,14.8,5.6
5,14.8,5.6
6,14.8,5.6
7,14.8,5.6
8,14.8,5.6
9,14.8,5.6
10,14.8,5.6
11,14.8,5.6
12,14.8,5.6
13,14.8,5.6
14,14.8,5.6
15,14.8,5.6
16,14.8,5.6
17,14.8,5.6
18,14.8,5.6
19,14.8,5.6
20,14.8,5.6
21,14.8,5.6
22,14.8,5.6
23,14.8,5.6
24,14.8,5.6
25,14.8,5.6
26,14.8,5.6
27,14.8,5.6
0,7.8,14.4
1,7.8,14.4
2,7.8,14.4
6,7.8,14.4
7,7.8,14.4
8,7.8,14.4
10,7.8,14.4
11,7.8,14.4
12,7.8,14.4
13,7.8,14.4
14,7.8,14.4
15,7.8,14.4
16,7.8,14.4
17,7.8,14.4
18,7.8,14.4
19,7.8,14.4
20,7.8,14.4
22,7.8,14.4
27,7.8,14.4
0,7.8,14.4
1,7.8,14.4
2,7.8,14.4
3,7.8,14.4
4,7.8,14.4
5,7.8,14.4
6,7.8,14.4
7,7.8,14.4
8,7.8,14.4
9,7.8,14.4
10,7.8,14.4
11,7.8,14.4
12,7.8,14.4
13,7.8,14.4
14,7.8,14.4
15,7.8,14.4
16,7.8,14.4
17,7.8,14.4
18,7.8,14.4
19,7.8,14.4
20,7.8,14.4
21,7.8,14.4
22,7.8,14.4
23,7.8,14.4
24,7.8,14.4
25,7.8,14.4
26,7.8,14.4
27,7.8,14.4
24,6.5,16.9
26,6.5,16.9
27,6.5,16.9
24,8.7,26.5
25,8.7,26.5
26,8.7,26.5
27,8.7,26.5
0,4,22.8
1,4,22.8
2,4,22.8
3,4,22.8
4,4,22.8
5,4,22.8
6,4,22.8
7,4,22.8
8,4,22.8
9,4,22.8
10,4,22.8
11,4,22.8
12,4,22.8
13,4,22.8
14,4,22.8
15,4,22.8
16,4,22.8
17,4,22.8
18,4,22.8
19,4,22.8
20,4,22.8
21,4,22.8
22,4,22.8
24,4,22.8
25,4,22.8
26,4,22.8
27,4,22.8
21,4.7,23.5
23,4.7,23.5
24,4.7,23.5
26,4.7,23.5
24,4.7,23.5
27,4.7,23.5
3,5.4,18
4,5.4,18
6,5.4,18
8,5.4,18
9,5.4,18
13,5.4,18
16,5.4,18
17,5.4,18
18,5.4,18
19,5.4,18
20,5.4,18
21,5.4,18
22,5.4,18
23,5.4,18
24,5.4,18
25,5.4,18
26,5.4,18
27,5.4,18
0,4.2,15.4
1,4.2,15.4
2,4.2,15.4
3,4.2,15.4
4,4.2,15.4
5,4.2,15.4
6,4.2,15.4
7,4.2,15.4
8,4.2,15.4
9,4.2,15.4
10,4.2,15.4
11,4.2,15.4
12,4.2,15.4
13,4.2,15.4
14,4.2,15.4
15,4.2,15.4
16,4.2,15.4
17,4.2,15.4
18,4.2,15.4
19,4.2,15.4
20,4.2,15.4
21,4.2,15.4
22,4.2,15.4
23,4.2,15.4
24,4.2,15.4
25,4.2,15.4
26,4.2,15.4
27,4.2,15.4
19,4.2,15.4
20,4.2,15.4
21,4.2,15.4
22,4.2,15.4
23,4.2,15.4
24,4.2,15.4
25,4.2,15.4
26,4.2,15.4
27,4.2,15.4
1,8.7,9.5
3,8.7,9.5
4,8.7,9.5
5,8.7,9.5
6,8.7,9.5
7,8.7,9.5
8,8.7,9.5
9,8.7,9.5
10,8.7,9.5
11,8.7,9.5
12,8.7,9.5
13,8.7,9.5
14,8.7,9.5
15,8.7,9.5
16,8.7,9.5
17,8.7,9.5
18,8.7,9.5
19,8.7,9.5
20,8.7,9.5
21,8.7,9.5
22,8.7,9.5
23,8.7,9.5
24,8.7,9.5
25,8.7,9.5
26,8.7,9.5
27,8.7,9.5
5,6.2,15.1
6,6.2,15.1
7,6.2,15.1
8,6.2,15.1
10,6.2,15.1
16,6.2,15.1
17,6.2,15.1
18,6.2,15.1
19,6.2,15.1
21,6.2,15.1
22,6.2,15.1
23,6.2,15.1
24,6.2,15.1
25,6.2,15.1
26,6.2,15.1
27,6.2,15.1
0,3.7,17.8
1,3.7,17.8
2,3.7,17.8
3,3.7,17.8
4,3.7,17.8
5,3.7,17.8
6,3.7,17.8
7,3.7,17.8
8,3.7,17.8
9,3.7,17.8
10,3.7,17.8
11,3.7,17.8
12,3.7,17.8
13,3.7,17.8
14,3.7,17.8
15,3.7,17.8
16,3.7,17.8
17,3.7,17.8
18,3.7,17.8
19,3.7,17.8
20,3.7,17.8
21,3.7,17.8
22,3.7,17.8
23,3.7,17.8
24,3.7,17.8
26,3.7,17.8
27,3.7,17.8
0,2.7,16.5
1,2.7,16.5
2,2.7,16.5
3,2.7,16.5
4,2.7,16.5
5,2.7,16.5
6,2.7,16.5
7,2.7,16.5
8,2.7,16.5
9,2.7,16.5
10,2.7,16.5
11,2.7,16.5
12,2.7,16.5
13,2.7,16.5
14,2.7,16.5
15,2.7,16.5
16,2.7,16.5
17,2.7,16.5
18,2.7,16.5
19,2.7,16.5
20,2.7,16.5
22,2.7,16.5
23,2.7,16.5
24,2.7,16.5
25,2.7,16.5
26,2.7,16.5
27,2.7,16.5
18,2.9,17.2
19,2.9,17.2
20,2.9,17.2
21,2.9,17.2
22,2.9,17.2
23,2.9,17.2
24,2.9,17.2
25,2.9,17.2
26,2.9,17.2
27,2.9,17.2
0,9.4,19.3
1,9.4,19.3
2,9.4,19.3
3,9.4,19.3
5,9.4,19.3
6,9.4,19.3
11,9.4,19.3
12,9.4,19.3
13,9.4,19.3
14,9.4,19.3
15,9.4,19.3
16,9.4,19.3
17,9.4,19.3
18,9.4,19.3
19,9.4,19.3
20,9.4,19.3
21,9.4,19.3
22,9.4,19.3
23,9.4,19.3
24,9.4,19.3
25,9.4,19.3
26,9.4,19.3
27,9.4,19.3
8,4,22.8
11,4,22.8
14,4,22.8
16,4,22.8
18,4,22.8
19,4,22.8
21,4,22.8
22,4,22.8
23,4,22.8
24,4,22.8
25,4,22.8
26,4,22.8
27,4,22.8
21,41.3,56.2
22,41.3,56.2
23,41.3,56.2
24,41.3,56.2
25,41.3,56.2
26,41.3,56.2
27,41.3,56.2
7,44.5,62.7
9,44.5,62.7
10,44.5,62.7
11,44.5,62.7
12,44.5,62.7
13,44.5,62.7
14,44.5,62.7
15,44.5,62.7
16,44.5,62.7
17,44.5,62.7
18,44.5,62.7
19,44.5,62.7
20,44.5,62.7
21,44.5,62.7
22,44.5,62.7
23,44.5,62.7
24,44.5,62.7
25,44.5,62.7
26,44.5,62.7
27,44.5,62.7
22,47.6,62.5
23,47.6,62.5
26,47.6,62.5
27,47.6,62.5
14,70.3,85.2
15,70.3,85.2
16,70.3,85.2
17,70.3,85.2
18,70.3,85.2
19,70.3,85.2
20,70.3,85.2
21,70.3,85.2
22,70.3,85.2
23,70.3,85.2
24,70.3,85.2
25,70.3,85.2
26,70.3,85.2
27,70.3,85.2
0,52.7,67.7
3,52.7,67.7
4,52.7,67.7
5,52.7,67.7
6,52.7,67.7
7,52.7,67.7
8,52.7,67.7
9,52.7,67.7
10,52.7,67.7
11,52.7,67.7
12,52.7,67.7
13,52.7,67.7
14,52.7,67.7
15,52.7,67.7
16,52.7,67.7
17,52.7,67.7
18,52.7,67.7
19,52.7,67.7
20,52.7,67.7
21,52.7,67.7
22,52.7,67.7
23,52.7,67.7
24,52.7,67.7
25,52.7,67.7
26,52.7,67.7
27,52.7,67.7
19,52.7,67.7
20,52.7,67.7
21,52.7,67.7
22,52.7,67.7
23,52.7,67.7
24,52.7,67.7
25,52.7,67.7
26,52.7,67.7
27,52.7,67.7
19,52.7,67.7
20,52.7,67.7
21,52.7,67.7
22,52.7,67.7
23,52.7,67.7
24,52.7,67.7
25,52.7,67.7
26,52.7,67.7
27,52.7,67.7
26,51.8,67.4
15,34.9,49.8
16,34.9,49.8
17,34.9,49.8
18,34.9,49.8
19,34.9,49.8
20,34.9,49.8
23,34.9,49.8
0,39.1,54.7
1,39.1,54.7
2,39.1,54.7
3,39.1,54.7
4,39.1,54.7
5,39.1,54.7
6,39.1,54.7
7,39.1,54.7
8,39.1,54.7
9,39.1,54.7
10,39.1,54.7
11,39.1,54.7
12,39.1,54.7
13,39.1,54.7
14,39.1,54.7
15,39.1,54.7
16,39.1,54.7
17,39.1,54.7
18,39.1,54.7
19,39.1,54.7
20,39.1,54.7
21,39.1,54.7
22,39.1,54.7
23,39.1,54.7
24,39.1,54.7
25,39.1,54.7
26,39.1,54.7
27,39.1,54.7
0,34.5,58.2
1,34.5,58.2
2,34.5,58.2
3,34.5,58.2
4,34.5,58.2
5,34.5,58.2
6,34.5,58.2
7,34.5,58.2
8,34.5,58.2
9,34.5,58.2
10,34.5,58.2
11,34.5,58.2
12,34.5,58.2
13,34.5,58.2
14,34.5,58.2
15,34.5,58.2
16,34.5,58.2
17,34.5,58.2
18,34.5,58.2
19,34.5,58.2
20,34.5,58.2
21,34.5,58.2
22,34.5,58.2
23,34.5,58.2
24,34.5,58.2
25,34.5,58.2
26,34.5,58.2
27,34.5,58.2
25,41.9,56.8
26,41.9,56.8
16,25.7,40.6
17,25.7,40.6
18,25.7,40.6
19,25.7,40.6
20,25.7,40.6
21,25.7,40.6
22,25.7,40.6
23,25.7,40.6
24,25.7,40.6
25,25.7,40.6
26,25.7,40.6
27,25.7,40.6
4,39.1,59
6,39.1,59
7,39.1,59
8,39.1,59
10,39.1,59
11,39.1,59
12,39.1,59
13,39.1,59
14,39.1,59
15,39.1,59
16,39.1,59
17,39.1,59
18,39.1,59
19,39.1,59
0,40.4,55.3
1,40.4,55.3
2,40.4,55.3
3,40.4,55.3
4,40.4,55.3
5,40.4,55.3
6,40.4,55.3
7,40.4,55.3
8,40.4,55.3
9,40.4,55.3
10,40.4,55.3
11,40.4,55.3
12,40.4,55.3
13,40.4,55.3
14,40.4,55.3
15,40.4,55.3
16,40.4,55.3
17,40.4,55.3
18,40.4,55.3
19,40.4,55.3
20,40.4,55.3
21,40.4,55.3
22,40.4,55.3
23,40.4,55.3
24,40.4,55.3
25,40.4,55.3
26,40.4,55.3
27,40.4,55.3
18,70.7,80.6
19,70.7,80.6
20,70.7,80.6
21,70.7,80.6
22,70.7,80.6
23,70.7,80.6
24,70.7,80.6
25,70.7,80.6
26,70.7,80.6
27,70.7,80.6
24,51.4,67
25,51.4,67
27,51.4,67
6,42.1,57
7,42.1,57
9,42.1,57
10,42.1,57
12,42.1,57
13,42.1,57
14,42.1,57
15,42.1,57
16,42.1,57
17,42.1,57
18,42.1,57
19,42.1,57
20,42.1,57
21,42.1,57
22,42.1,57
23,42.1,57
24,42.1,57
25,42.1,57
26,42.1,57
27,42.1,57
22,24.1,39
24,24.1,39
27,24.1,39
16,78,87.9
17,78,87.9
18,78,87.9
19,78,87.9
20,78,87.9
21,78,87.9
22,78,87.9
24,78,87.9
27,78,87.9
25,61.3,68.6
27,61.3,68.6
25,53.5,69.1
27,53.5,69.1
12,71.3,91.5
15,71.3,91.5
16,71.3,91.5
17,71.3,91.5
18,71.3,91.5
19,71.3,91.5
20,71.3,91.5
21,71.3,91.5
22,71.3,91.5
23,71.3,91.5
24,71.3,91.5
25,71.3,91.5
26,71.3,91.5
27,71.3,91.5
27,35,50.7
24,269,69.2
25,269,69.2
27,269,69.2
26,54.7,70.4
27,54.7,70.4
20,39.9,55.5
21,39.9,55.5
22,39.9,55.5
25,39.9,55.5
27,39.9,55.5
17,34.9,57.4
18,34.9,57.4
19,34.9,57.4
20,34.9,57.4
21,34.9,57.4
22,34.9,57.4
24,34.9,57.4
25,34.9,57.4
26,34.9,57.4
27,34.9,57.4
14,51.3,79.2
15,51.3,79.2
16,51.3,79.2
17,51.3,79.2
18,51.3,79.2
19,51.3,79.2
20,51.3,79.2
21,51.3,79.2
22,51.3,79.2
23,51.3,79.2
24,51.3,79.2
25,51.3,79.2
26,51.3,79.2
27,51.3,79.2
13,42.1,60.9
14,42.1,60.9
15,42.1,60.9
16,42.1,60.9
19,42.1,60.9
20,42.1,60.9
22,42.1,60.9
23,42.1,60.9
24,42.1,60.9
25,42.1,60.9
26,42.1,60.9
27,42.1,60.9
27,63.3,78.7
17,33.8,44.6
18,33.8,44.6
19,33.8,44.6
20,33.8,44.6
21,33.8,44.6
22,33.8,44.6
23,33.8,44.6
24,33.8,44.6
25,33.8,44.6
26,33.8,44.6
27,33.8,44.6
5,24,38.9
6,24,38.9
8,24,38.9
9,24,38.9
10,24,38.9
11,24,38.9
12,24,38.9
13,24,38.9
14,24,38.9
15,24,38.9
16,24,38.9
17,24,38.9
18,24,38.9
19,24,38.9
20,24,38.9
21,24,38.9
22,24,38.9
23,24,38.9
24,24,38.9
25,24,38.9
26,24,38.9
27,24,38.9
22,36.5,41.6
23,36.5,41.6
24,36.5,41.6
25,36.5,41.6
26,36.5,41.6
27,36.5,41.6
23,20.8,35.6
24,20.8,35.6
25,20.8,35.6
26,20.8,35.6
27,20.8,35.6
21,22.2,37.1
22,22.2,37.1
23,22.2,37.1
24,22.2,37.1
25,22.2,37.1
26,22.2,37.1
27,22.2,37.1
8,23.5,38.4
9,23.5,38.4
10,23.5,38.4
11,23.5,38.4
12,23.5,38.4
13,23.5,38.4
14,23.5,38.4
15,23.5,38.4
16,23.5,38.4
17,23.5,38.4
18,23.5,38.4
19,23.5,38.4
20,23.5,38.4
21,23.5,38.4
22,23.5,38.4
23,23.5,38.4
24,23.5,38.4
25,23.5,38.4
26,23.5,38.4
27,23.5,38.4
25,23.3,38.2
26,23.3,38.2
27,23.3,38.2
8,375,1.8
9,375,1.8
10,375,1.8
11,375,1.8
12,375,1.8
13,375,1.8
14,375,1.8
15,375,1.8
16,375,1.8
17,375,1.8
18,375,1.8
19,375,1.8
20,375,1.8
21,375,1.8
22,375,1.8
23,375,1.8
24,375,1.8
25,375,1.8
26,375,1.8
27,375,1.8
0,28,46.8
1,28,46.8
2,28,46.8
3,28,46.8
4,28,46.8
5,28,46.8
6,28,46.8
7,28,46.8
8,28,46.8
9,28,46.8
10,28,46.8
11,28,46.8
12,28,46.8
13,28,46.8
14,28,46.8
15,28,46.8
16,28,46.8
17,28,46.8
18,28,46.8
19,28,46.8
20,28,46.8
21,28,46.8
22,28,46.8
23,28,46.8
24,28,46.8
25,28,46.8
26,28,46.8
27,28,46.8
0,37.6,42.7
1,37.6,42.7
2,37.6,42.7
3,37.6,42.7
4,37.6,42.7
5,37.6,42.7
6,37.6,42.7
7,37.6,42.7
8,37.6,42.7
9,37.6,42.7
10,37.6,42.7
11,37.6,42.7
12,37.6,42.7
13,37.6,42.7
14,37.6,42.7
15,37.6,42.7
16,37.6,42.7
17,37.6,42.7
18,37.6,42.7
19,37.6,42.7
20,37.6,42.7
21,37.6,42.7
22,37.6,42.7
23,37.6,42.7
24,37.6,42.7
2,24.8,39.7
3,24.8,39.7
4,24.8,39.7
5,24.8,39.7
6,24.8,39.7
7,24.8,39.7
8,24.8,39.7
9,24.8,39.7
10,24.8,39.7
11,24.8,39.7
12,24.8,39.7
13,24.8,39.7
14,24.8,39.7
15,24.8,39.7
16,24.8,39.7
17,24.8,39.7
18,24.8,39.7
19,24.8,39.7
21,24.8,39.7
22,24.8,39.7
27,24.8,39.7
27,381,1.8
16,28.4,43.3
17,28.4,43.3
18,28.4,43.3
19,28.4,43.3
20,28.4,43.3
21,28.4,43.3
22,28.4,43.3
24,28.4,43.3
25,28.4,43.3
26,28.4,43.3
27,28.4,43.3
8,25.7,40.6
11,25.7,40.6
13,25.7,40.6
14,25.7,40.6
15,25.7,40.6
16,25.7,40.6
17,25.7,40.6
18,25.7,40.6
19,25.7,40.6
20,25.7,40.6
21,25.7,40.6
22,25.7,40.6
23,25.7,40.6
24,25.7,40.6
25,25.7,40.6
26,25.7,40.6
27,25.7,40.6
8,24,38.4
9,24,38.4
10,24,38.4
11,24,38.4
12,24,38.4
13,24,38.4
14,24,38.4
15,24,38.4
16,24,38.4
17,24,38.4
18,24,38.4
19,24,38.4
20,24,38.4
21,24,38.4
22,24,38.4
23,24,38.4
24,24,38.4
25,24,38.4
26,24,38.4
27,24,38.4
1,34,43.8
3,34,43.8
4,34,43.8
5,34,43.8
6,34,43.8
7,34,43.8
8,34,43.8
9,34,43.8
10,34,43.8
11,34,43.8
12,34,43.8
13,34,43.8
14,34,43.8
15,34,43.8
16,34,43.8
17,34,43.8
18,34,43.8
19,34,43.8
20,34,43.8
21,34,43.8
22,34,43.8
23,34,43.8
24,34,43.8
25,34,43.8
26,34,43.8
27,34,43.8
24,27.9,42.8
27,27.9,42.8
13,35,43.3
14,35,43.3
15,35,43.3
16,35,43.3
17,35,43.3
18,35,43.3
19,35,43.3
20,35,43.3
21,35,43.3
22,35,43.3
23,35,43.3
24,35,43.3
25,35,43.3
26,35,43.3
27,35,43.3
16,20.6,35.5
18,20.6,35.5
19,20.6,35.5
20,20.6,35.5
21,20.6,35.5
22,20.6,35.5
23,20.6,35.5
24,20.6,35.5
25,20.6,35.5
26,20.6,35.5
27,20.6,35.5
23,24.9,39.8
25,24.9,39.8
26,24.9,39.8
27,24.9,39.8
0,24,38.9
1,24,38.9
2,24,38.9
3,24,38.9
4,24,38.9
5,24,38.9
6,24,38.9
7,24,38.9
8,24,38.9
9,24,38.9
10,24,38.9
11,24,38.9
12,24,38.9
13,24,38.9
14,24,38.9
15,24,38.9
16,24,38.9
17,24,38.9
18,24,38.9
19,24,38.9
20,24,38.9
21,24,38.9
22,24,38.9
23,24,38.9
24,24,38.9
25,24,38.9
26,24,38.9
27,24,38.9
19,18,32.8
20,18,32.8
21,18,32.8
23,18,32.8
24,18,32.8
25,18,32.8
26,18,32.8
27,18,32.8
21,21.1,35.9
24,21.1,35.9
25,21.1,35.9
15,18.8,33.6
17,18.8,33.6
18,18.8,33.6
19,18.8,33.6
20,18.8,33.6
21,18.8,33.6
22,18.8,33.6
23,18.8,33.6
24,18.8,33.6
26,18.8,33.6
27,18.8,33.6
0,24.3,39.2
1,24.3,39.2
2,24.3,39.2
3,24.3,39.2
4,24.3,39.2
5,24.3,39.2
6,24.3,39.2
7,24.3,39.2
8,24.3,39.2
9,24.3,39.2
10,24.3,39.2
11,24.3,39.2
12,24.3,39.2
13,24.3,39.2
14,24.3,39.2
15,24.3,39.2
16,24.3,39.2
17,24.3,39.2
18,24.3,39.2
19,24.3,39.2
20,24.3,39.2
21,24.3,39.2
22,24.3,39.2
23,24.3,39.2
24,24.3,39.2
25,24.3,39.2
26,24.3,39.2
27,24.3,39.2
0,24.6,39.5
1,24.6,39.5
2,24.6,39.5
3,24.6,39.5
4,24.6,39.5
5,24.6,39.5
6,24.6,39.5
7,24.6,39.5
8,24.6,39.5
9,24.6,39.5
10,24.6,39.5
11,24.6,39.5
12,24.6,39.5
13,24.6,39.5
14,24.6,39.5
15,24.6,39.5
16,24.6,39.5
17,24.6,39.5
18,24.6,39.5
19,24.6,39.5
20,24.6,39.5
21,24.6,39.5
22,24.6,39.5
23,24.6,39.5
24,24.6,39.5
25,24.6,39.5
26,24.6,39.5
27,24.6,39.5
10,18.7,33.6
11,18.7,33.6
12,18.7,33.6
13,18.7,33.6
14,18.7,33.6
15,18.7,33.6
16,18.7,33.6
17,18.7,33.6
18,18.7,33.6
19,18.7,33.6
20,18.7,33.6
21,18.7,33.6
22,18.7,33.6
23,18.7,33.6
24,18.7,33.6
25,18.7,33.6
26,18.7,33.6
27,18.7,33.6
20,33.2,52
21,33.2,52
22,33.2,52
23,33.2,52
24,33.2,52
25,33.2,52
26,33.2,52
27,33.2,52
0,19.3,34.1
1,19.3,34.1
2,19.3,34.1
3,19.3,34.1
4,19.3,34.1
5,19.3,34.1
7,19.3,34.1
8,19.3,34.1
9,19.3,34.1
10,19.3,34.1
11,19.3,34.1
12,19.3,34.1
13,19.3,34.1
14,19.3,34.1
15,19.3,34.1
16,19.3,34.1
17,19.3,34.1
18,19.3,34.1
19,19.3,34.1
20,19.3,34.1
21,19.3,34.1
22,19.3,34.1
23,19.3,34.1
24,19.3,34.1
25,19.3,34.1
26,19.3,34.1
27,19.3,34.1
23,26.3,41.2
24,26.3,41.2
25,26.3,41.2
26,26.3,41.2
27,26.3,41.2
9,25.9,40.8
10,25.9,40.8
11,25.9,40.8
12,25.9,40.8
13,25.9,40.8
14,25.9,40.8
15,25.9,40.8
16,25.9,40.8
18,25.9,40.8
19,25.9,40.8
20,25.9,40.8
21,25.9,40.8
22,25.9,40.8
24,25.9,40.8
25,25.9,40.8
26,25.9,40.8
27,25.9,40.8
0,23.4,38.3
1,23.4,38.3
2,23.4,38.3
3,23.4,38.3
4,23.4,38.3
5,23.4,38.3
6,23.4,38.3
7,23.4,38.3
8,23.4,38.3
9,23.4,38.3
10,23.4,38.3
11,23.4,38.3
12,23.4,38.3
13,23.4,38.3
14,23.4,38.3
15,23.4,38.3
16,23.4,38.3
17,23.4,38.3
18,23.4,38.3
19,23.4,38.3
20,23.4,38.3
21,23.4,38.3
22,23.4,38.3
23,23.4,38.3
24,23.4,38.3
25,23.4,38.3
26,23.4,38.3
27,23.4,38.3
0,22.9,37.8
1,22.9,37.8
2,22.9,37.8
3,22.9,37.8
4,22.9,37.8
5,22.9,37.8
6,22.9,37.8
7,22.9,37.8
8,22.9,37.8
9,22.9,37.8
10,22.9,37.8
11,22.9,37.8
12,22.9,37.8
13,22.9,37.8
14,22.9,37.8
15,22.9,37.8
16,22.9,37.8
17,22.9,37.8
18,22.9,37.8
19,22.9,37.8
20,22.9,37.8
21,22.9,37.8
22,22.9,37.8
23,22.9,37.8
24,22.9,37.8
25,22.9,37.8
26,22.9,37.8
27,22.9,37.8
20,9,27.7
21,9,27.7
22,9,27.7
23,9,27.7
27,9,27.7
21,21,35.9
22,21,35.9
23,21,35.9
24,21,35.9
25,21,35.9
26,21,35.9
27,21,35.9
27,8.7,27.5
21,22.1,37
22,22.1,37
23,22.1,37
24,22.1,37
25,22.1,37
26,22.1,37
27,22.1,37
0,19.9,34.8
1,19.9,34.8
2,19.9,34.8
3,19.9,34.8
4,19.9,34.8
5,19.9,34.8
6,19.9,34.8
7,19.9,34.8
8,19.9,34.8
9,19.9,34.8
10,19.9,34.8
11,19.9,34.8
12,19.9,34.8
13,19.9,34.8
14,19.9,34.8
15,19.9,34.8
16,19.9,34.8
17,19.9,34.8
18,19.9,34.8
19,19.9,34.8
21,19.9,34.8
22,19.9,34.8
23,19.9,34.8
24,19.9,34.8
25,19.9,34.8
27,19.9,34.8
0,20,34.8
1,20,34.8
2,20,34.8
3,20,34.8
4,20,34.8
5,20,34.8
6,20,34.8
7,20,34.8
8,20,34.8
9,20,34.8
10,20,34.8
11,20,34.8
12,20,34.8
13,20,34.8
14,20,34.8
15,20,34.8
16,20,34.8
17,20,34.8
18,20,34.8
19,20,34.8
20,20,34.8
21,20,34.8
22,20,34.8
23,20,34.8
24,20,34.8
25,20,34.8
26,20,34.8
27,20,34.8
0,25.4,40.3
1,25.4,40.3
2,25.4,40.3
3,25.4,40.3
4,25.4,40.3
5,25.4,40.3
6,25.4,40.3
7,25.4,40.3
8,25.4,40.3
9,25.4,40.3
10,25.4,40.3
11,25.4,40.3
12,25.4,40.3
13,25.4,40.3
14,25.4,40.3
15,25.4,40.3
16,25.4,40.3
17,25.4,40.3
18,25.4,40.3
19,25.4,40.3
20,25.4,40.3
21,25.4,40.3
22,25.4,40.3
23,25.4,40.3
24,25.4,40.3
25,25.4,40.3
26,25.4,40.3
27,25.4,40.3
0,21.2,36.1
1,21.2,36.1
2,21.2,36.1
8,21.2,36.1
9,21.2,36.1
10,21.2,36.1
11,21.2,36.1
12,21.2,36.1
13,21.2,36.1
14,21.2,36.1
15,21.2,36.1
16,21.2,36.1
17,21.2,36.1
18,21.2,36.1
19,21.2,36.1
20,21.2,36.1
21,21.2,36.1
22,21.2,36.1
23,21.2,36.1
24,21.2,36.1
25,21.2,36.1
26,21.2,36.1
27,21.2,36.1
0,25.2,1.8
1,25.2,1.8
2,25.2,1.8
3,25.2,1.8
4,25.2,1.8
5,25.2,1.8
6,25.2,1.8
7,25.2,1.8
8,25.2,1.8
9,25.2,1.8
10,25.2,1.8
11,25.2,1.8
12,25.2,1.8
13,25.2,1.8
14,25.2,1.8
15,25.2,1.8
16,25.2,1.8
17,25.2,1.8
18,25.2,1.8
19,25.2,1.8
20,25.2,1.8
21,25.2,1.8
22,25.2,1.8
23,25.2,1.8
24,25.2,1.8
25,25.2,1.8
26,25.2,1.8
27,25.2,1.8
0,22.6,3.6
1,22.6,3.6
20,22.6,3.6
21,22.6,3.6
22,22.6,3.6
23,22.6,3.6
24,22.6,3.6
25,22.6,3.6
26,22.6,3.6
27,22.6,3.6
6,37.3,44
7,37.3,44
8,37.3,44
9,37.3,44
10,37.3,44
11,37.3,44
12,37.3,44
13,37.3,44
14,37.3,44
15,37.3,44
16,37.3,44
17,37.3,44
18,37.3,44
19,37.3,44
20,37.3,44
21,37.3,44
22,37.3,44
23,37.3,44
24,37.3,44
25,37.3,44
26,37.3,44
27,37.3,44
15,19.3,34.1
16,19.3,34.1
17,19.3,34.1
18,19.3,34.1
19,19.3,34.1
21,19.3,34.1
24,19.3,34.1
25,19.3,34.1
26,19.3,34.1
2,6,24.8
3,6,24.8
4,6,24.8
5,6,24.8
6,6,24.8
7,6,24.8
8,6,24.8
9,6,24.8
10,6,24.8
11,6,24.8
12,6,24.8
13,6,24.8
14,6,24.8
15,6,24.8
16,6,24.8
17,6,24.8
18,6,24.8
19,6,24.8
20,6,24.8
21,6,24.8
22,6,24.8
23,6,24.8
24,6,24.8
26,6,24.8
27,6,24.8
4,6.6,25.4
5,6.6,25.4
6,6.6,25.4
7,6.6,25.4
8,6.6,25.4
9,6.6,25.4
10,6.6,25.4
11,6.6,25.4
12,6.6,25.4
13,6.6,25.4
14,6.6,25.4
15,6.6,25.4
16,6.6,25.4
17,6.6,25.4
18,6.6,25.4
19,6.6,25.4
20,6.6,25.4
21,6.6,25.4
22,6.6,25.4
23,6.6,25.4
24,6.6,25.4
25,6.6,25.4
26,6.6,25.4
27,6.6,25.4
20,12.4,31.2
22,12.4,31.2
23,12.4,31.2
24,12.4,31.2
25,12.4,31.2
27,12.4,31.2
20,13.9,32.7
21,13.9,32.7
22,13.9,32.7
23,13.9,32.7
24,13.9,32.7
25,13.9,32.7
26,13.9,32.7
27,13.9,32.7
23,4.9,25.2
24,4.9,25.2
26,4.9,25.2
27,4.9,25.2
0,2,22.9
1,2,22.9
2,2,22.9
3,2,22.9
4,2,22.9
5,2,22.9
6,2,22.9
7,2,22.9
8,2,22.9
9,2,22.9
10,2,22.9
11,2,22.9
12,2,22.9
13,2,22.9
14,2,22.9
15,2,22.9
16,2,22.9
17,2,22.9
18,2,22.9
19,2,22.9
20,2,22.9
21,2,22.9
22,2,22.9
23,2,22.9
24,2,22.9
25,2,22.9
26,2,22.9
27,2,22.9
0,2,22.9
1,2,22.9
2,2,22.9
3,2,22.9
4,2,22.9
5,2,22.9
6,2,22.9
7,2,22.9
8,2,22.9
9,2,22.9
10,2,22.9
11,2,22.9
12,2,22.9
13,2,22.9
14,2,22.9
15,2,22.9
16,2,22.9
17,2,22.9
18,2,22.9
19,2,22.9
20,2,22.9
21,2,22.9
22,2,22.9
23,2,22.9
24,2,22.9
25,2,22.9
26,2,22.9
27,2,22.9
20,14,32.8
21,14,32.8
22,14,32.8
23,14,32.8
24,14,32.8
25,14,32.8
26,14,32.8
27,14,32.8
20,11.5,9.9
21,11.5,9.9
22,11.5,9.9
23,11.5,9.9
24,11.5,9.9
25,11.5,9.9
26,11.5,9.9
27,11.5,9.9
0,15.3,34.1
1,15.3,34.1
2,15.3,34.1
3,15.3,34.1
4,15.3,34.1
5,15.3,34.1
6,15.3,34.1
7,15.3,34.1
8,15.3,34.1
9,15.3,34.1
10,15.3,34.1
11,15.3,34.1
12,15.3,34.1
13,15.3,34.1
14,15.3,34.1
15,15.3,34.1
16,15.3,34.1
17,15.3,34.1
18,15.3,34.1
19,15.3,34.1
20,15.3,34.1
21,15.3,34.1
22,15.3,34.1
23,15.3,34.1
24,15.3,34.1
26,15.3,34.1
27,15.3,34.1
0,20.2,39
1,20.2,39
2,20.2,39
3,20.2,39
4,20.2,39
5,20.2,39
6,20.2,39
7,20.2,39
8,20.2,39
9,20.2,39
10,20.2,39
11,20.2,39
12,20.2,39
13,20.2,39
14,20.2,39
15,20.2,39
16,20.2,39
17,20.2,39
18,20.2,39
19,20.2,39
20,20.2,39
21,20.2,39
22,20.2,39
23,20.2,39
24,20.2,39
25,20.2,39
26,20.2,39
27,20.2,39
15,2.4,21.2
16,2.4,21.2
17,2.4,21.2
18,2.4,21.2
20,2.4,21.2
21,2.4,21.2
22,2.4,21.2
25,2.4,21.2
26,2.4,21.2
27,2.4,21.2
1,18.1,36.8
2,18.1,36.8
3,18.1,36.8
4,18.1,36.8
5,18.1,36.8
6,18.1,36.8
7,18.1,36.8
8,18.1,36.8
9,18.1,36.8
10,18.1,36.8
11,18.1,36.8
12,18.1,36.8
13,18.1,36.8
14,18.1,36.8
15,18.1,36.8
16,18.1,36.8
17,18.1,36.8
18,18.1,36.8
19,18.1,36.8
20,18.1,36.8
21,18.1,36.8
22,18.1,36.8
23,18.1,36.8
24,18.1,36.8
25,18.1,36.8
26,18.1,36.8
27,18.1,36.8
4,11.6,30.4
5,11.6,30.4
6,11.6,30.4
7,11.6,30.4
10,11.6,30.4
14,11.6,30.4
15,11.6,30.4
16,11.6,30.4
17,11.6,30.4
18,11.6,30.4
19,11.6,30.4
20,11.6,30.4
21,11.6,30.4
22,11.6,30.4
23,11.6,30.4
24,11.6,30.4
25,11.6,30.4
26,11.6,30.4
27,11.6,30.4
23,16.2,35
24,16.2,35
25,16.2,35
26,16.2,35
27,16.2,35
0,20.9,39.6
1,20.9,39.6
2,20.9,39.6
3,20.9,39.6
4,20.9,39.6
5,20.9,39.6
6,20.9,39.6
7,20.9,39.6
8,20.9,39.6
9,20.9,39.6
10,20.9,39.6
11,20.9,39.6
12,20.9,39.6
13,20.9,39.6
14,20.9,39.6
15,20.9,39.6
16,20.9,39.6
17,20.9,39.6
18,20.9,39.6
19,20.9,39.6
20,20.9,39.6
21,20.9,39.6
22,20.9,39.6
23,20.9,39.6
24,20.9,39.6
25,20.9,39.6
26,20.9,39.6
27,20.9,39.6
16,19.1,37.9
17,19.1,37.9
18,19.1,37.9
19,19.1,37.9
20,19.1,37.9
21,19.1,37.9
22,19.1,37.9
23,19.1,37.9
24,19.1,37.9
25,19.1,37.9
26,19.1,37.9
27,19.1,37.9
17,20.7,39.5
18,20.7,39.5
19,20.7,39.5
20,20.7,39.5
21,20.7,39.5
22,20.7,39.5
23,20.7,39.5
24,20.7,39.5
25,20.7,39.5
26,20.7,39.5
27,20.7,39.5
4,14,32.8
5,14,32.8
6,14,32.8
9,14,32.8
11,14,32.8
14,14,32.8
15,14,32.8
16,14,32.8
17,14,32.8
18,14,32.8
19,14,32.8
20,14,32.8
21,14,32.8
22,14,32.8
23,14,32.8
24,14,32.8
25,14,32.8
26,14,32.8
27,14,32.8
13,10.6,29.4
14,10.6,29.4
15,10.6,29.4
16,10.6,29.4
17,10.6,29.4
18,10.6,29.4
19,10.6,29.4
20,10.6,29.4
21,10.6,29.4
22,10.6,29.4
23,10.6,29.4
24,10.6,29.4
25,10.6,29.4
26,10.6,29.4
27,10.6,29.4
4,10.4,29.1
5,10.4,29.1
6,10.4,29.1
7,10.4,29.1
8,10.4,29.1
9,10.4,29.1
13,10.4,29.1
14,10.4,29.1
15,10.4,29.1
16,10.4,29.1
17,10.4,29.1
18,10.4,29.1
19,10.4,29.1
20,10.4,29.1
21,10.4,29.1
22,10.4,29.1
23,10.4,29.1
24,10.4,29.1
25,10.4,29.1
26,10.4,29.1
27,10.4,29.1
22,39.7,58.5
23,39.7,58.5
24,39.7,58.5
25,39.7,58.5
27,39.7,58.5
0,10.1,28.9
1,10.1,28.9
2,10.1,28.9
3,10.1,28.9
4,10.1,28.9
5,10.1,28.9
6,10.1,28.9
7,10.1,28.9
8,10.1,28.9
9,10.1,28.9
10,10.1,28.9
11,10.1,28.9
12,10.1,28.9
13,10.1,28.9
14,10.1,28.9
15,10.1,28.9
16,10.1,28.9
17,10.1,28.9
18,10.1,28.9
19,10.1,28.9
20,10.1,28.9
21,10.1,28.9
22,10.1,28.9
23,10.1,28.9
24,10.1,28.9
25,10.1,28.9
26,10.1,28.9
27,10.1,28.9
0,10.1,28.9
1,10.1,28.9
2,10.1,28.9
3,10.1,28.9
4,10.1,28.9
5,10.1,28.9
6,10.1,28.9
7,10.1,28.9
8,10.1,28.9
9,10.1,28.9
10,10.1,28.9
11,10.1,28.9
12,10.1,28.9
13,10.1,28.9
14,10.1,28.9
15,10.1,28.9
16,10.1,28.9
17,10.1,28.9
18,10.1,28.9
19,10.1,28.9
20,10.1,28.9
21,10.1,28.9
22,10.1,28.9
23,10.1,28.9
24,10.1,28.9
25,10.1,28.9
26,10.1,28.9
27,10.1,28.9
3,20.7,39.5
4,20.7,39.5
5,20.7,39.5
6,20.7,39.5
7,20.7,39.5
8,20.7,39.5
9,20.7,39.5
10,20.7,39.5
11,20.7,39.5
12,20.7,39.5
13,20.7,39.5
14,20.7,39.5
15,20.7,39.5
16,20.7,39.5
17,20.7,39.5
18,20.7,39.5
19,20.7,39.5
20,20.7,39.5
21,20.7,39.5
22,20.7,39.5
23,20.7,39.5
24,20.7,39.5
25,20.7,39.5
26,20.7,39.5
27,20.7,39.5
4,16.2,35
5,16.2,35
6,16.2,35
9,16.2,35
13,16.2,35
14,16.2,35
15,16.2,35
16,16.2,35
17,16.2,35
18,16.2,35
19,16.2,35
20,16.2,35
21,16.2,35
22,16.2,35
23,16.2,35
24,16.2,35
25,16.2,35
26,16.2,35
27,16.2,35
22,9.1,27.9
24,9.1,27.9
25,9.1,27.9
26,9.1,27.9
27,9.1,27.9
14,3.2,22
16,3.2,22
17,3.2,22
18,3.2,22
22,3.2,22
24,3.2,22
25,3.2,22
27,3.2,22
10,4.8,23.6
11,4.8,23.6
12,4.8,23.6
14,4.8,23.6
16,4.8,23.6
18,4.8,23.6
19,4.8,23.6
20,4.8,23.6
21,4.8,23.6
22,4.8,23.6
23,4.8,23.6
24,4.8,23.6
25,4.8,23.6
26,4.8,23.6
27,4.8,23.6
1,6.9,25.6
4,6.9,25.6
5,6.9,25.6
6,6.9,25.6
7,6.9,25.6
8,6.9,25.6
9,6.9,25.6
10,6.9,25.6
11,6.9,25.6
12,6.9,25.6
13,6.9,25.6
14,6.9,25.6
15,6.9,25.6
16,6.9,25.6
17,6.9,25.6
18,6.9,25.6
19,6.9,25.6
21,6.9,25.6
24,6.9,25.6
25,6.9,25.6
27,6.9,25.6
19,5.8,29.5
20,5.8,29.5
22,5.8,29.5
23,5.8,29.5
24,5.8,29.5
26,5.8,29.5
27,5.8,29.5
20,14.2,33
21,14.2,33
22,14.2,33
23,14.2,33
24,14.2,33
25,14.2,33
26,14.2,33
27,14.2,33
22,21,39.8
23,21,39.8
24,21,39.8
25,21,39.8
26,21,39.8
27,21,39.8
0,14.5,33.3
1,14.5,33.3
2,14.5,33.3
3,14.5,33.3
4,14.5,33.3
5,14.5,33.3
6,14.5,33.3
7,14.5,33.3
8,14.5,33.3
9,14.5,33.3
10,14.5,33.3
11,14.5,33.3
12,14.5,33.3
13,14.5,33.3
14,14.5,33.3
15,14.5,33.3
16,14.5,33.3
17,14.5,33.3
18,14.5,33.3
19,14.5,33.3
20,14.5,33.3
21,14.5,33.3
22,14.5,33.3
23,14.5,33.3
24,14.5,33.3
25,14.5,33.3
26,14.5,33.3
27,14.5,33.3
0,15,33.8
1,15,33.8
2,15,33.8
3,15,33.8
4,15,33.8
5,15,33.8
6,15,33.8
7,15,33.8
8,15,33.8
9,15,33.8
10,15,33.8
11,15,33.8
12,15,33.8
13,15,33.8
14,15,33.8
15,15,33.8
16,15,33.8
17,15,33.8
18,15,33.8
19,15,33.8
20,15,33.8
21,15,33.8
22,15,33.8
23,15,33.8
24,15,33.8
25,15,33.8
26,15,33.8
27,15,33.8
1,9.2,28
2,9.2,28
3,9.2,28
4,9.2,28
5,9.2,28
6,9.2,28
7,9.2,28
8,9.2,28
9,9.2,28
10,9.2,28
11,9.2,28
12,9.2,28
13,9.2,28
14,9.2,28
15,9.2,28
16,9.2,28
17,9.2,28
18,9.2,28
19,9.2,28
20,9.2,28
21,9.2,28
22,9.2,28
23,9.2,28
24,9.2,28
26,9.2,28
27,9.2,28
20,13.9,32.6
21,13.9,32.6
22,13.9,32.6
23,13.9,32.6
24,13.9,32.6
25,13.9,32.6
26,13.9,32.6
27,13.9,32.6
4,13,31.8
5,13,31.8
6,13,31.8
7,13,31.8
8,13,31.8
9,13,31.8
10,13,31.8
11,13,31.8
13,13,31.8
14,13,31.8
15,13,31.8
16,13,31.8
17,13,31.8
18,13,31.8
19,13,31.8
20,13,31.8
21,13,31.8
22,13,31.8
23,13,31.8
24,13,31.8
25,13,31.8
26,13,31.8
27,13,31.8
0,11.5,30.3
1,11.5,30.3
2,11.5,30.3
3,11.5,30.3
4,11.5,30.3
5,11.5,30.3
6,11.5,30.3
7,11.5,30.3
8,11.5,30.3
9,11.5,30.3
10,11.5,30.3
11,11.5,30.3
12,11.5,30.3
13,11.5,30.3
14,11.5,30.3
15,11.5,30.3
16,11.5,30.3
17,11.5,30.3
18,11.5,30.3
19,11.5,30.3
20,11.5,30.3
21,11.5,30.3
22,11.5,30.3
23,11.5,30.3
24,11.5,30.3
25,11.5,30.3
26,11.5,30.3
27,11.5,30.3
0,12.2,31
1,12.2,31
2,12.2,31
3,12.2,31
4,12.2,31
5,12.2,31
6,12.2,31
7,12.2,31
8,12.2,31
9,12.2,31
10,12.2,31
11,12.2,31
12,12.2,31
13,12.2,31
14,12.2,31
15,12.2,31
16,12.2,31
17,12.2,31
18,12.2,31
19,12.2,31
20,12.2,31
21,12.2,31
22,12.2,31
23,12.2,31
24,12.2,31
25,12.2,31
26,12.2,31
27,12.2,31
13,16.9,35.7
14,16.9,35.7
15,16.9,35.7
16,16.9,35.7
17,16.9,35.7
18,16.9,35.7
19,16.9,35.7
21,16.9,35.7
22,16.9,35.7
27,16.9,35.7
2,2.8,24.9
3,2.8,24.9
4,2.8,24.9
5,2.8,24.9
6,2.8,24.9
7,2.8,24.9
8,2.8,24.9
9,2.8,24.9
10,2.8,24.9
11,2.8,24.9
12,2.8,24.9
13,2.8,24.9
14,2.8,24.9
15,2.8,24.9
16,2.8,24.9
17,2.8,24.9
18,2.8,24.9
19,2.8,24.9
20,2.8,24.9
21,2.8,24.9
22,2.8,24.9
23,2.8,24.9
24,2.8,24.9
25,2.8,24.9
26,2.8,24.9
27,2.8,24.9
20,13,31.8
21,13,31.8
22,13,31.8
23,13,31.8
24,13,31.8
25,13,31.8
26,13,31.8
27,13,31.8
19,3.7,22.2
20,3.7,22.2
21,3.7,22.2
22,3.7,22.2
23,3.7,22.2
24,3.7,22.2
25,3.7,22.2
26,3.7,22.2
27,3.7,22.2
26,20.4,39.2
27,20.4,39.2
26,20,38.7
27,20,38.7
21,8.7,27.5
22,8.7,27.5
24,8.7,27.5
25,8.7,27.5
26,8.7,27.5
27,8.7,27.5
27,17.2,36
23,5,29.2
24,5,29.2
25,5,29.2
26,5,29.2
27,5,29.2
23,7.9,26.7
25,7.9,26.7
26,7.9,26.7
27,7.9,26.7
3,13.2,32
4,13.2,32
5,13.2,32
6,13.2,32
7,13.2,32
8,13.2,32
9,13.2,32
10,13.2,32
11,13.2,32
12,13.2,32
13,13.2,32
14,13.2,32
15,13.2,32
16,13.2,32
17,13.2,32
18,13.2,32
19,13.2,32
20,13.2,32
21,13.2,32
22,13.2,32
23,13.2,32
24,13.2,32
25,13.2,32
26,13.2,32
27,13.2,32
0,14.8,33.6
3,14.8,33.6
4,14.8,33.6
5,14.8,33.6
6,14.8,33.6
7,14.8,33.6
8,14.8,33.6
9,14.8,33.6
10,14.8,33.6
11,14.8,33.6
12,14.8,33.6
13,14.8,33.6
14,14.8,33.6
15,14.8,33.6
16,14.8,33.6
17,14.8,33.6
18,14.8,33.6
19,14.8,33.6
20,14.8,33.6
21,14.8,33.6
26,14.8,33.6
27,14.8,33.6
18,7.5,26.3
19,7.5,26.3
20,7.5,26.3
21,7.5,26.3
22,7.5,26.3
23,7.5,26.3
24,7.5,26.3
25,7.5,26.3
27,7.5,26.3
14,8.6,27.4
15,8.6,27.4
16,8.6,27.4
17,8.6,27.4
18,8.6,27.4
19,8.6,27.4
20,8.6,27.4
21,8.6,27.4
22,8.6,27.4
23,8.6,27.4
24,8.6,27.4
26,8.6,27.4
1,24.3,44.6
2,24.3,44.6
3,24.3,44.6
4,24.3,44.6
5,24.3,44.6
6,24.3,44.6
7,24.3,44.6
8,24.3,44.6
9,24.3,44.6
10,24.3,44.6
11,24.3,44.6
12,24.3,44.6
13,24.3,44.6
14,24.3,44.6
15,24.3,44.6
16,24.3,44.6
17,24.3,44.6
18,24.3,44.6
19,24.3,44.6
20,24.3,44.6
21,24.3,44.6
22,24.3,44.6
23,24.3,44.6
24,24.3,44.6
25,24.3,44.6
26,24.3,44.6
27,24.3,44.6
0,26.1,44.9
2,26.1,44.9
3,26.1,44.9
4,26.1,44.9
5,26.1,44.9
6,26.1,44.9
7,26.1,44.9
8,26.1,44.9
9,26.1,44.9
10,26.1,44.9
11,26.1,44.9
12,26.1,44.9
13,26.1,44.9
14,26.1,44.9
15,26.1,44.9
16,26.1,44.9
17,26.1,44.9
18,26.1,44.9
19,26.1,44.9
20,26.1,44.9
21,26.1,44.9
22,26.1,44.9
23,26.1,44.9
24,26.1,44.9
25,26.1,44.9
26,26.1,44.9
27,26.1,44.9
4,26.5,45.2
7,26.5,45.2
8,26.5,45.2
9,26.5,45.2
10,26.5,45.2
11,26.5,45.2
12,26.5,45.2
13,26.5,45.2
14,26.5,45.2
15,26.5,45.2
16,26.5,45.2
17,26.5,45.2
18,26.5,45.2
19,26.5,45.2
20,26.5,45.2
21,26.5,45.2
22,26.5,45.2
23,26.5,45.2
24,26.5,45.2
25,26.5,45.2
26,26.5,45.2
27,26.5,45.2
7,105,123
9,105,123
11,105,123
12,105,123
13,105,123
14,105,123
15,105,123
16,105,123
17,105,123
18,105,123
19,105,123
20,105,123
21,105,123
22,105,123
23,105,123
24,105,123
25,105,123
26,105,123
27,105,123
23,55.4,74.2
24,55.4,74.2
25,55.4,74.2
26,55.4,74.2
27,55.4,74.2
23,23.6,42.4
24,23.6,42.4
25,23.6,42.4
26,23.6,42.4
27,23.6,42.4
24,52.2,71
25,52.2,71
24,58.4,77.2
25,58.4,77.2
26,58.4,77.2
27,58.4,77.2
20,22.3,41.1
23,22.3,41.1
24,22.3,41.1
25,22.3,41.1
26,22.3,41.1
27,22.3,41.1
19,22.2,40.9
20,22.2,40.9
21,22.2,40.9
22,22.2,40.9
23,22.2,40.9
24,22.2,40.9
25,22.2,40.9
26,22.2,40.9
27,22.2,40.9
19,26.1,44.8
20,26.1,44.8
21,26.1,44.8
22,26.1,44.8
23,26.1,44.8
24,26.1,44.8
25,26.1,44.8
26,26.1,44.8
27,26.1,44.8
0,23.4,42.2
1,23.4,42.2
2,23.4,42.2
3,23.4,42.2
4,23.4,42.2
5,23.4,42.2
6,23.4,42.2
7,23.4,42.2
8,23.4,42.2
9,23.4,42.2
10,23.4,42.2
11,23.4,42.2
12,23.4,42.2
13,23.4,42.2
14,23.4,42.2
15,23.4,42.2
16,23.4,42.2
17,23.4,42.2
18,23.4,42.2
19,23.4,42.2
20,23.4,42.2
21,23.4,42.2
22,23.4,42.2
23,23.4,42.2
24,23.4,42.2
25,23.4,42.2
26,23.4,42.2
27,23.4,42.2
19,23.4,42.2
20,23.4,42.2
21,23.4,42.2
22,23.4,42.2
23,23.4,42.2
24,23.4,42.2
25,23.4,42.2
26,23.4,42.2
27,23.4,42.2
21,51.9,70.7
22,51.9,70.7
23,51.9,70.7
24,51.9,70.7
25,51.9,70.7
26,51.9,70.7
27,51.9,70.7
10,37.7,56.5
11,37.7,56.5
12,37.7,56.5
13,37.7,56.5
14,37.7,56.5
15,37.7,56.5
16,37.7,56.5
17,37.7,56.5
18,37.7,56.5
19,37.7,56.5
20,37.7,56.5
21,37.7,56.5
22,37.7,56.5
23,37.7,56.5
24,37.7,56.5
25,37.7,56.5
26,37.7,56.5
27,37.7,56.5
11,52.6,71.4
14,52.6,71.4
15,52.6,71.4
16,52.6,71.4
17,52.6,71.4
19,52.6,71.4
20,52.6,71.4
21,52.6,71.4
22,52.6,71.4
23,52.6,71.4
24,52.6,71.4
25,52.6,71.4
26,52.6,71.4
27,52.6,71.4
5,53.2,72
6,53.2,72
7,53.2,72
8,53.2,72
9,53.2,72
10,53.2,72
11,53.2,72
12,53.2,72
13,53.2,72
14,53.2,72
15,53.2,72
16,53.2,72
17,53.2,72
18,53.2,72
19,53.2,72
20,53.2,72
21,53.2,72
22,53.2,72
23,53.2,72
24,53.2,72
25,53.2,72
26,53.2,72
27,53.2,72
19,47.6,66.4
20,47.6,66.4
21,47.6,66.4
22,47.6,66.4
23,47.6,66.4
24,47.6,66.4
25,47.6,66.4
26,47.6,66.4
27,47.6,66.4
0,51.4,70.2
1,51.4,70.2
2,51.4,70.2
3,51.4,70.2
4,51.4,70.2
6,51.4,70.2
7,51.4,70.2
8,51.4,70.2
9,51.4,70.2
10,51.4,70.2
11,51.4,70.2
12,51.4,70.2
13,51.4,70.2
14,51.4,70.2
15,51.4,70.2
16,51.4,70.2
17,51.4,70.2
18,51.4,70.2
19,51.4,70.2
20,51.4,70.2
21,51.4,70.2
22,51.4,70.2
23,51.4,70.2
24,51.4,70.2
25,51.4,70.2
26,51.4,70.2
27,51.4,70.2
25,51.6,70.4
26,51.6,70.4
27,51.6,70.4
14,101,120
16,101,120
17,101,120
18,101,120
19,101,120
20,101,120
21,101,120
22,101,120
23,101,120
24,101,120
25,101,120
26,101,120
27,101,120
26,25.4,44.2
4,23.6,42.4
5,23.6,42.4
6,23.6,42.4
7,23.6,42.4
8,23.6,42.4
9,23.6,42.4
10,23.6,42.4
11,23.6,42.4
12,23.6,42.4
13,23.6,42.4
14,23.6,42.4
15,23.6,42.4
16,23.6,42.4
17,23.6,42.4
18,23.6,42.4
19,23.6,42.4
20,23.6,42.4
21,23.6,42.4
22,23.6,42.4
23,23.6,42.4
24,23.6,42.4
25,23.6,42.4
26,23.6,42.4
27,23.6,42.4
25,22.9,41.7
26,22.9,41.7
27,22.9,41.7
24,23.5,42.3
25,23.5,42.3
27,23.5,42.3
26,23.5,42.3
27,23.5,42.3
19,47.2,66
20,47.2,66
21,47.2,66
22,47.2,66
23,47.2,66
24,47.2,66
25,47.2,66
26,47.2,66
27,47.2,66
19,43.4,62.2
20,43.4,62.2
21,43.4,62.2
22,43.4,62.2
23,43.4,62.2
24,43.4,62.2
25,43.4,62.2
26,43.4,62.2
27,43.4,62.2
0,46.8,65.5
1,46.8,65.5
2,46.8,65.5
3,46.8,65.5
4,46.8,65.5
5,46.8,65.5
6,46.8,65.5
7,46.8,65.5
8,46.8,65.5
9,46.8,65.5
10,46.8,65.5
11,46.8,65.5
12,46.8,65.5
13,46.8,65.5
14,46.8,65.5
15,46.8,65.5
16,46.8,65.5
17,46.8,65.5
18,46.8,65.5
19,46.8,65.5
20,46.8,65.5
21,46.8,65.5
22,46.8,65.5
23,46.8,65.5
24,46.8,65.5
25,46.8,65.5
26,46.8,65.5
27,46.8,65.5
19,48.7,67.5
20,48.7,67.5
21,48.7,67.5
22,48.7,67.5
23,48.7,67.5
24,48.7,67.5
25,48.7,67.5
26,48.7,67.5
27,48.7,67.5
26,45.2,64
27,45.2,64
13,21.9,40.7
14,21.9,40.7
15,21.9,40.7
16,21.9,40.7
17,21.9,40.7
24,21.9,40.7
25,21.9,40.7
26,21.9,40.7
27,21.9,40.7
26,21.9,40.7
27,21.9,40.7
0,58.6,77.4
1,58.6,77.4
2,58.6,77.4
3,58.6,77.4
4,58.6,77.4
5,58.6,77.4
6,58.6,77.4
7,58.6,77.4
8,58.6,77.4
9,58.6,77.4
10,58.6,77.4
11,58.6,77.4
12,58.6,77.4
13,58.6,77.4
14,58.6,77.4
15,58.6,77.4
16,58.6,77.4
17,58.6,77.4
18,58.6,77.4
19,58.6,77.4
20,58.6,77.4
21,58.6,77.4
22,58.6,77.4
23,58.6,77.4
24,58.6,77.4
25,58.6,77.4
26,58.6,77.4
27,58.6,77.4
19,56.4,75.2
20,56.4,75.2
21,56.4,75.2
22,56.4,75.2
23,56.4,75.2
24,56.4,75.2
25,56.4,75.2
26,56.4,75.2
27,56.4,75.2
12,61.8,80.6
14,61.8,80.6
17,61.8,80.6
18,61.8,80.6
19,61.8,80.6
20,61.8,80.6
21,61.8,80.6
22,61.8,80.6
23,61.8,80.6
24,61.8,80.6
25,61.8,80.6
26,61.8,80.6
27,61.8,80.6
25,57.8,76.5
26,57.8,76.5
