Time,Airport,Altamount,Vashi,Virar,Malls
0,19,33.9,11.8,62.2,1
1,19,33.9,11.8,62.2,1
2,19,33.9,11.8,62.2,1
3,19,33.9,11.8,62.2,1
4,19,33.9,11.8,62.2,1
5,19,33.9,11.8,62.2,1
6,19,33.9,11.8,62.2,1
7,19,33.9,11.8,62.2,1
8,19,33.9,11.8,62.2,1
9,19,33.9,11.8,62.2,1
10,19,33.9,11.8,62.2,1
11,19,33.9,11.8,62.2,1
12,19,33.9,11.8,62.2,1
13,19,33.9,11.8,62.2,1
14,19,33.9,11.8,62.2,1
15,19,33.9,11.8,62.2,1
16,19,33.9,11.8,62.2,1
17,19,33.9,11.8,62.2,1
18,19,33.9,11.8,62.2,1
19,19,33.9,11.8,62.2,1
20,19,33.9,11.8,62.2,1
21,19,33.9,11.8,62.2,1
22,19,33.9,11.8,62.2,1
23,19,33.9,11.8,62.2,1
24,19,33.9,11.8,62.2,1
25,19,33.9,11.8,62.2,1
26,19,33.9,11.8,62.2,1
18,7.7,25.8,28,95.7,0
19,7.7,25.8,28,95.7,0
20,7.7,25.8,28,95.7,0
21,7.7,25.8,28,95.7,0
22,7.7,25.8,28,95.7,0
23,7.7,25.8,28,95.7,0
24,7.7,25.8,28,95.7,0
25,7.7,25.8,28,95.7,0
26,7.7,25.8,28,95.7,0
0,21.6,36.5,7.8,64.8,0
1,21.6,36.5,7.8,64.8,0
2,21.6,36.5,7.8,64.8,0
3,21.6,36.5,7.8,64.8,0
4,21.6,36.5,7.8,64.8,0
5,21.6,36.5,7.8,64.8,0
6,21.6,36.5,7.8,64.8,0
7,21.6,36.5,7.8,64.8,0
8,21.6,36.5,7.8,64.8,0
9,21.6,36.5,7.8,64.8,0
10,21.6,36.5,7.8,64.8,0
11,21.6,36.5,7.8,64.8,0
12,21.6,36.5,7.8,64.8,0
13,21.6,36.5,7.8,64.8,0
14,21.6,36.5,7.8,64.8,0
15,21.6,36.5,7.8,64.8,0
16,21.6,36.5,7.8,64.8,0
17,21.6,36.5,7.8,64.8,0
18,21.6,36.5,7.8,64.8,0
19,21.6,36.5,7.8,64.8,0
20,21.6,36.5,7.8,64.8,0
21,21.6,36.5,7.8,64.8,0
22,21.6,36.5,7.8,64.8,0
23,21.6,36.5,7.8,64.8,0
24,21.6,36.5,7.8,64.8,0
25,21.6,36.5,7.8,64.8,0
26,21.6,36.5,7.8,64.8,0
17,26.9,36.8,6.3,73.7,0
18,26.9,36.8,6.3,73.7,0
19,26.9,36.8,6.3,73.7,0
20,26.9,36.8,6.3,73.7,0
23,26.9,36.8,6.3,73.7,0
26,26.9,36.8,6.3,73.7,0
2,37.5,47.4,17.6,78,0
3,37.5,47.4,17.6,78,0
4,37.5,47.4,17.6,78,0
5,37.5,47.4,17.6,78,0
6,37.5,47.4,17.6,78,0
7,37.5,47.4,17.6,78,0
8,37.5,47.4,17.6,78,0
9,37.5,47.4,17.6,78,0
10,37.5,47.4,17.6,78,0
11,37.5,47.4,17.6,78,0
12,37.5,47.4,17.6,78,0
13,37.5,47.4,17.6,78,0
14,37.5,47.4,17.6,78,0
15,37.5,47.4,17.6,78,0
16,37.5,47.4,17.6,78,0
17,37.5,47.4,17.6,78,0
18,37.5,47.4,17.6,78,0
19,37.5,47.4,17.6,78,0
20,37.5,47.4,17.6,78,0
21,37.5,47.4,17.6,78,0
22,37.5,47.4,17.6,78,0
23,37.5,47.4,17.6,78,0
24,37.5,47.4,17.6,78,0
25,37.5,47.4,17.6,78,0
26,37.5,47.4,17.6,78,0
0,37.6,47.5,17.7,85,2
1,37.6,47.5,17.7,85,2
2,37.6,47.5,17.7,85,2
3,37.6,47.5,17.7,85,2
4,37.6,47.5,17.7,85,2
5,37.6,47.5,17.7,85,2
6,37.6,47.5,17.7,85,2
7,37.6,47.5,17.7,85,2
8,37.6,47.5,17.7,85,2
9,37.6,47.5,17.7,85,2
10,37.6,47.5,17.7,85,2
11,37.6,47.5,17.7,85,2
12,37.6,47.5,17.7,85,2
13,37.6,47.5,17.7,85,2
14,37.6,47.5,17.7,85,2
15,37.6,47.5,17.7,85,2
16,37.6,47.5,17.7,85,2
17,37.6,47.5,17.7,85,2
18,37.6,47.5,17.7,85,2
19,37.6,47.5,17.7,85,2
20,37.6,47.5,17.7,85,2
21,37.6,47.5,17.7,85,2
22,37.6,47.5,17.7,85,2
23,37.6,47.5,17.7,85,2
24,37.6,47.5,17.7,85,2
25,37.6,47.5,17.7,85,2
26,37.6,47.5,17.7,85,2
16,44.5,54.4,24.6,92,0
17,44.5,54.4,24.6,92,0
18,44.5,54.4,24.6,92,0
19,44.5,54.4,24.6,92,0
20,44.5,54.4,24.6,92,0
21,44.5,54.4,24.6,92,0
22,44.5,54.4,24.6,92,0
23,44.5,54.4,24.6,92,0
24,44.5,54.4,24.6,92,0
25,44.5,54.4,24.6,92,0
26,44.5,54.4,24.6,92,0
22,69.7,79.6,49.8,117,0
23,69.7,79.6,49.8,117,0
24,69.7,79.6,49.8,117,0
25,69.7,79.6,49.8,117,0
26,69.7,79.6,49.8,117,0
22,39.4,49.3,19.5,86.9,3
23,39.4,49.3,19.5,86.9,3
24,39.4,49.3,19.5,86.9,3
25,39.4,49.3,19.5,86.9,3
26,39.4,49.3,19.5,86.9,3
0,38.5,48.4,18.6,85.9,2
1,38.5,48.4,18.6,85.9,2
2,38.5,48.4,18.6,85.9,2
3,38.5,48.4,18.6,85.9,2
4,38.5,48.4,18.6,85.9,2
5,38.5,48.4,18.6,85.9,2
6,38.5,48.4,18.6,85.9,2
7,38.5,48.4,18.6,85.9,2
8,38.5,48.4,18.6,85.9,2
9,38.5,48.4,18.6,85.9,2
10,38.5,48.4,18.6,85.9,2
11,38.5,48.4,18.6,85.9,2
12,38.5,48.4,18.6,85.9,2
13,38.5,48.4,18.6,85.9,2
14,38.5,48.4,18.6,85.9,2
15,38.5,48.4,18.6,85.9,2
16,38.5,48.4,18.6,85.9,2
17,38.5,48.4,18.6,85.9,2
18,38.5,48.4,18.6,85.9,2
19,38.5,48.4,18.6,85.9,2
20,38.5,48.4,18.6,85.9,2
21,38.5,48.4,18.6,85.9,2
22,38.5,48.4,18.6,85.9,2
23,38.5,48.4,18.6,85.9,2
24,38.5,48.4,18.6,85.9,2
25,38.5,48.4,18.6,85.9,2
26,38.5,48.4,18.6,85.9,2
0,35.1,45,15.2,77.6,2
1,35.1,45,15.2,77.6,2
2,35.1,45,15.2,77.6,2
3,35.1,45,15.2,77.6,2
4,35.1,45,15.2,77.6,2
5,35.1,45,15.2,77.6,2
6,35.1,45,15.2,77.6,2
7,35.1,45,15.2,77.6,2
8,35.1,45,15.2,77.6,2
9,35.1,45,15.2,77.6,2
10,35.1,45,15.2,77.6,2
11,35.1,45,15.2,77.6,2
12,35.1,45,15.2,77.6,2
13,35.1,45,15.2,77.6,2
14,35.1,45,15.2,77.6,2
15,35.1,45,15.2,77.6,2
16,35.1,45,15.2,77.6,2
17,35.1,45,15.2,77.6,2
18,35.1,45,15.2,77.6,2
19,35.1,45,15.2,77.6,2
20,35.1,45,15.2,77.6,2
21,35.1,45,15.2,77.6,2
22,35.1,45,15.2,77.6,2
23,35.1,45,15.2,77.6,2
24,35.1,45,15.2,77.6,2
25,35.1,45,15.2,77.6,2
26,35.1,45,15.2,77.6,2
0,24,36.1,3.9,67.1,0
1,24,36.1,3.9,67.1,0
2,24,36.1,3.9,67.1,0
3,24,36.1,3.9,67.1,0
4,24,36.1,3.9,67.1,0
5,24,36.1,3.9,67.1,0
6,24,36.1,3.9,67.1,0
7,24,36.1,3.9,67.1,0
8,24,36.1,3.9,67.1,0
9,24,36.1,3.9,67.1,0
10,24,36.1,3.9,67.1,0
11,24,36.1,3.9,67.1,0
12,24,36.1,3.9,67.1,0
13,24,36.1,3.9,67.1,0
14,24,36.1,3.9,67.1,0
15,24,36.1,3.9,67.1,0
16,24,36.1,3.9,67.1,0
17,24,36.1,3.9,67.1,0
18,24,36.1,3.9,67.1,0
19,24,36.1,3.9,67.1,0
20,24,36.1,3.9,67.1,0
21,24,36.1,3.9,67.1,0
22,24,36.1,3.9,67.1,0
23,24,36.1,3.9,67.1,0
24,24,36.1,3.9,67.1,0
25,24,36.1,3.9,67.1,0
26,24,36.1,3.9,67.1,0
21,38.3,48.2,18.4,74.2,0
22,38.3,48.2,18.4,74.2,0
23,38.3,48.2,18.4,74.2,0
24,38.3,48.2,18.4,74.2,0
25,38.3,48.2,18.4,74.2,0
26,38.3,48.2,18.4,74.2,0
20,39,48.9,19.1,75.9,0
22,39,48.9,19.1,75.9,0
24,39,48.9,19.1,75.9,0
25,39,48.9,19.1,75.9,0
26,39,48.9,19.1,75.9,0
0,28.7,38.6,7,76.2,5
1,28.7,38.6,7,76.2,5
2,28.7,38.6,7,76.2,5
3,28.7,38.6,7,76.2,5
4,28.7,38.6,7,76.2,5
5,28.7,38.6,7,76.2,5
6,28.7,38.6,7,76.2,5
7,28.7,38.6,7,76.2,5
8,28.7,38.6,7,76.2,5
9,28.7,38.6,7,76.2,5
10,28.7,38.6,7,76.2,5
11,28.7,38.6,7,76.2,5
12,28.7,38.6,7,76.2,5
13,28.7,38.6,7,76.2,5
14,28.7,38.6,7,76.2,5
15,28.7,38.6,7,76.2,5
16,28.7,38.6,7,76.2,5
17,28.7,38.6,7,76.2,5
18,28.7,38.6,7,76.2,5
19,28.7,38.6,7,76.2,5
20,28.7,38.6,7,76.2,5
21,28.7,38.6,7,76.2,5
22,28.7,38.6,7,76.2,5
23,28.7,38.6,7,76.2,5
24,28.7,38.6,7,76.2,5
25,28.7,38.6,7,76.2,5
26,28.7,38.6,7,76.2,5
26,31.5,41.4,10.2,78.9,2
24,40.9,50.8,21,88.4,3
26,40.9,50.8,21,88.4,3
1,23.4,34.3,2.9,73.4,4
2,23.4,34.3,2.9,73.4,4
3,23.4,34.3,2.9,73.4,4
4,23.4,34.3,2.9,73.4,4
5,23.4,34.3,2.9,73.4,4
6,23.4,34.3,2.9,73.4,4
7,23.4,34.3,2.9,73.4,4
8,23.4,34.3,2.9,73.4,4
9,23.4,34.3,2.9,73.4,4
10,23.4,34.3,2.9,73.4,4
11,23.4,34.3,2.9,73.4,4
12,23.4,34.3,2.9,73.4,4
13,23.4,34.3,2.9,73.4,4
14,23.4,34.3,2.9,73.4,4
15,23.4,34.3,2.9,73.4,4
16,23.4,34.3,2.9,73.4,4
17,23.4,34.3,2.9,73.4,4
18,23.4,34.3,2.9,73.4,4
19,23.4,34.3,2.9,73.4,4
23,23.4,34.3,2.9,73.4,4
24,23.4,34.3,2.9,73.4,4
25,23.4,34.3,2.9,73.4,4
26,23.4,34.3,2.9,73.4,4
0,43.9,53.8,22.4,89.7,4
1,43.9,53.8,22.4,89.7,4
2,43.9,53.8,22.4,89.7,4
3,43.9,53.8,22.4,89.7,4
4,43.9,53.8,22.4,89.7,4
5,43.9,53.8,22.4,89.7,4
6,43.9,53.8,22.4,89.7,4
7,43.9,53.8,22.4,89.7,4
8,43.9,53.8,22.4,89.7,4
9,43.9,53.8,22.4,89.7,4
10,43.9,53.8,22.4,89.7,4
11,43.9,53.8,22.4,89.7,4
12,43.9,53.8,22.4,89.7,4
13,43.9,53.8,22.4,89.7,4
14,43.9,53.8,22.4,89.7,4
15,43.9,53.8,22.4,89.7,4
16,43.9,53.8,22.4,89.7,4
17,43.9,53.8,22.4,89.7,4
18,43.9,53.8,22.4,89.7,4
19,43.9,53.8,22.4,89.7,4
21,43.9,53.8,22.4,89.7,4
22,43.9,53.8,22.4,89.7,4
23,43.9,53.8,22.4,89.7,4
24,43.9,53.8,22.4,89.7,4
25,43.9,53.8,22.4,89.7,4
26,43.9,53.8,22.4,89.7,4
23,40.2,50.1,20.3,74.2,1
24,40.2,50.1,20.3,74.2,1
7,37.1,47,17.2,78.2,0
9,37.1,47,17.2,78.2,0
10,37.1,47,17.2,78.2,0
11,37.1,47,17.2,78.2,0
12,37.1,47,17.2,78.2,0
13,37.1,47,17.2,78.2,0
14,37.1,47,17.2,78.2,0
15,37.1,47,17.2,78.2,0
16,37.1,47,17.2,78.2,0
17,37.1,47,17.2,78.2,0
18,37.1,47,17.2,78.2,0
19,37.1,47,17.2,78.2,0
20,37.1,47,17.2,78.2,0
21,37.1,47,17.2,78.2,0
22,37.1,47,17.2,78.2,0
23,37.1,47,17.2,78.2,0
24,37.1,47,17.2,78.2,0
25,37.1,47,17.2,78.2,0
26,37.1,47,17.2,78.2,0
0,23.9,33.8,4.1,72.3,1
1,23.9,33.8,4.1,72.3,1
2,23.9,33.8,4.1,72.3,1
3,23.9,33.8,4.1,72.3,1
4,23.9,33.8,4.1,72.3,1
5,23.9,33.8,4.1,72.3,1
6,23.9,33.8,4.1,72.3,1
7,23.9,33.8,4.1,72.3,1
8,23.9,33.8,4.1,72.3,1
9,23.9,33.8,4.1,72.3,1
10,23.9,33.8,4.1,72.3,1
11,23.9,33.8,4.1,72.3,1
12,23.9,33.8,4.1,72.3,1
13,23.9,33.8,4.1,72.3,1
14,23.9,33.8,4.1,72.3,1
15,23.9,33.8,4.1,72.3,1
16,23.9,33.8,4.1,72.3,1
17,23.9,33.8,4.1,72.3,1
18,23.9,33.8,4.1,72.3,1
19,23.9,33.8,4.1,72.3,1
20,23.9,33.8,4.1,72.3,1
21,23.9,33.8,4.1,72.3,1
22,23.9,33.8,4.1,72.3,1
23,23.9,33.8,4.1,72.3,1
24,23.9,33.8,4.1,72.3,1
26,23.9,33.8,4.1,72.3,1
0,29.6,39.5,9.5,77.1,3
1,29.6,39.5,9.5,77.1,3
2,29.6,39.5,9.5,77.1,3
3,29.6,39.5,9.5,77.1,3
4,29.6,39.5,9.5,77.1,3
5,29.6,39.5,9.5,77.1,3
6,29.6,39.5,9.5,77.1,3
7,29.6,39.5,9.5,77.1,3
8,29.6,39.5,9.5,77.1,3
9,29.6,39.5,9.5,77.1,3
10,29.6,39.5,9.5,77.1,3
11,29.6,39.5,9.5,77.1,3
12,29.6,39.5,9.5,77.1,3
13,29.6,39.5,9.5,77.1,3
14,29.6,39.5,9.5,77.1,3
15,29.6,39.5,9.5,77.1,3
16,29.6,39.5,9.5,77.1,3
17,29.6,39.5,9.5,77.1,3
18,29.6,39.5,9.5,77.1,3
19,29.6,39.5,9.5,77.1,3
20,29.6,39.5,9.5,77.1,3
21,29.6,39.5,9.5,77.1,3
22,29.6,39.5,9.5,77.1,3
23,29.6,39.5,9.5,77.1,3
24,29.6,39.5,9.5,77.1,3
25,29.6,39.5,9.5,77.1,3
26,29.6,39.5,9.5,77.1,3
26,37.3,47.2,17,84.7,0
20,33.8,43.7,13.9,81.2,2
21,33.8,43.7,13.9,81.2,2
23,33.8,43.7,13.9,81.2,2
25,33.8,43.7,13.9,81.2,2
26,33.8,43.7,13.9,81.2,2
26,36.7,46.6,16.8,84.1,0
20,33.4,43.3,13.5,80.8,1
21,33.4,43.3,13.5,80.8,1
22,33.4,43.3,13.5,80.8,1
24,33.4,43.3,13.5,80.8,1
25,33.4,43.3,13.5,80.8,1
26,33.4,43.3,13.5,80.8,1
23,37.9,47.8,17.6,85.3,0
24,37.9,47.8,17.6,85.3,0
25,37.9,47.8,17.6,85.3,0
26,18.7,33.6,10,61.9,0
20,38.1,48,17.8,85.5,0
23,38.1,48,17.8,85.5,0
24,38.1,48,17.8,85.5,0
25,38.1,48,17.8,85.5,0
26,38.1,48,17.8,85.5,0
25,37.3,47.2,17.4,84.7,1
26,37.3,47.2,17.4,84.7,1
20,34.7,44.6,15,77.8,0
21,34.7,44.6,15,77.8,0
22,34.7,44.6,15,77.8,0
23,34.7,44.6,15,77.8,0
24,34.7,44.6,15,77.8,0
25,34.7,44.6,15,77.8,0
26,34.7,44.6,15,77.8,0
26,35.3,45.2,15.4,77,0
25,38.5,48.3,18.2,85.9,0
26,38.5,48.3,18.2,85.9,0
21,37.7,47.6,17.8,85.1,0
23,37.7,47.6,17.8,85.1,0
24,37.7,47.6,17.8,85.1,0
25,37.7,47.6,17.8,85.1,0
26,37.7,47.6,17.8,85.1,0
24,36.9,46.7,16.6,84.3,0
25,36.9,46.7,16.6,84.3,0
26,36.9,46.7,16.6,84.3,0
24,19.1,33.9,11.8,62.2,0
26,19.1,33.9,11.8,62.2,0
25,26.6,36.5,6.1,76.1,0
26,26.6,36.5,6.1,76.1,0
24,35.9,45.8,16,83.3,0
25,35.9,45.8,16,83.3,0
26,35.9,45.8,16,83.3,0
23,38.9,48.8,19,86.3,0
24,38.9,48.8,19,86.3,0
25,38.9,48.8,19,86.3,0
26,38.9,48.8,19,86.3,0
22,38.9,48.8,19,86.3,0
23,38.9,48.8,19,86.3,0
24,38.9,48.8,19,86.3,0
26,38.9,48.8,19,86.3,0
20,36.7,46.6,16.8,75.2,0
21,36.7,46.6,16.8,75.2,0
22,36.7,46.6,16.8,75.2,0
23,36.7,46.6,16.8,75.2,0
25,36.7,46.6,16.8,75.2,0
26,36.7,46.6,16.8,75.2,0
26,29.9,39.8,10,77.4,1
25,30.6,40.5,10.7,78.1,4
26,30.6,40.5,10.7,78.1,4
24,38.1,48,18.2,73.9,2
25,38.1,48,18.2,73.9,2
26,38.1,48,18.2,73.9,2
20,37.8,47.7,17.9,73.7,0
21,37.8,47.7,17.9,73.7,0
22,37.8,47.7,17.9,73.7,0
23,37.8,47.7,17.9,73.7,0
25,37.8,47.7,17.9,73.7,0
26,37.8,47.7,17.9,73.7,0
20,37.1,47,17.2,84.6,1
21,37.1,47,17.2,84.6,1
22,37.1,47,17.2,84.6,1
23,37.1,47,17.2,84.6,1
24,37.1,47,17.2,84.6,1
25,37.1,47,17.2,84.6,1
26,37.1,47,17.2,84.6,1
24,37.2,47.1,17.3,75.2,2
25,37.2,47.1,17.3,75.2,2
25,37.5,47.4,17.6,75,2
26,37.5,47.4,17.6,75,2
25,29.6,39.5,9.1,79.6,0
26,29.6,39.5,9.1,79.6,0
24,32.7,42.6,12.8,80.2,1
26,32.7,42.6,12.8,80.2,1
23,36.9,46.8,16.6,84.4,0
24,36.9,46.8,16.6,84.4,0
25,36.9,46.8,16.6,84.4,0
26,36.9,46.8,16.6,84.4,0
21,36.5,46.4,16.2,84,1
22,36.5,46.4,16.2,84,1
23,36.5,46.4,16.2,84,1
24,36.5,46.4,16.2,84,1
25,36.5,46.4,16.2,84,1
26,36.5,46.4,16.2,84,1
21,37,46.9,17.1,84.4,1
22,37,46.9,17.1,84.4,1
23,37,46.9,17.1,84.4,1
24,37,46.9,17.1,84.4,1
25,37,46.9,17.1,84.4,1
26,37,46.9,17.1,84.4,1
23,33,42.9,13,80.4,3
24,33,42.9,13,80.4,3
25,33,42.9,13,80.4,3
26,33,42.9,13,80.4,3
23,18.6,33.5,10.2,61.7,0
24,18.6,33.5,10.2,61.7,0
25,18.6,33.5,10.2,61.7,0
26,18.6,33.5,10.2,61.7,0
26,18,32.9,10.6,61.1,0
24,37.3,47.2,17.4,84.7,0
25,37.3,47.2,17.4,84.7,0
26,37.3,47.2,17.4,84.7,0
20,33.9,43.8,14,81.3,1
21,33.9,43.8,14,81.3,1
22,33.9,43.8,14,81.3,1
23,33.9,43.8,14,81.3,1
24,33.9,43.8,14,81.3,1
25,33.9,43.8,14,81.3,1
26,33.9,43.8,14,81.3,1
13,30.5,40.4,10.6,77.9,3
15,30.5,40.4,10.6,77.9,3
16,30.5,40.4,10.6,77.9,3
24,30.5,40.4,10.6,77.9,3
26,30.5,40.4,10.6,77.9,3
26,33.9,43.8,14,81.3,2
23,25.8,35.7,2.7,69.1,0
24,25.8,35.7,2.7,69.1,0
20,34.5,44.4,14.6,81.9,0
23,34.5,44.4,14.6,81.9,0
24,34.5,44.4,14.6,81.9,0
25,34.5,44.4,14.6,81.9,0
26,34.5,44.4,14.6,81.9,0
23,34.7,44.6,15,77.4,1
25,34.7,44.6,15,77.4,1
26,34.7,44.6,15,77.4,1
5,31.8,41.7,10.8,79.3,1
6,31.8,41.7,10.8,79.3,1
13,31.8,41.7,10.8,79.3,1
14,31.8,41.7,10.8,79.3,1
15,31.8,41.7,10.8,79.3,1
16,31.8,41.7,10.8,79.3,1
17,31.8,41.7,10.8,79.3,1
18,31.8,41.7,10.8,79.3,1
23,31.8,41.7,10.8,79.3,1
25,31.8,41.7,10.8,79.3,1
26,31.8,41.7,10.8,79.3,1
20,34.3,44.2,14.4,81.8,2
21,34.3,44.2,14.4,81.8,2
22,34.3,44.2,14.4,81.8,2
23,34.3,44.2,14.4,81.8,2
24,34.3,44.2,14.4,81.8,2
25,34.3,44.2,14.4,81.8,2
26,34.3,44.2,14.4,81.8,2
20,38.1,48,17.8,85.6,0
21,38.1,48,17.8,85.6,0
22,38.1,48,17.8,85.6,0
23,38.1,48,17.8,85.6,0
24,38.1,48,17.8,85.6,0
25,38.1,48,17.8,85.6,0
26,38.1,48,17.8,85.6,0
20,38.3,48.2,18.4,85.7,0
21,38.3,48.2,18.4,85.7,0
22,38.3,48.2,18.4,85.7,0
23,38.3,48.2,18.4,85.7,0
24,38.3,48.2,18.4,85.7,0
25,38.3,48.2,18.4,85.7,0
26,38.3,48.2,18.4,85.7,0
20,34.8,44.7,14.9,76.4,0
21,34.8,44.7,14.9,76.4,0
23,34.8,44.7,14.9,76.4,0
24,34.8,44.7,14.9,76.4,0
25,34.8,44.7,14.9,76.4,0
26,34.8,44.7,14.9,76.4,0
26,38.2,48.1,18.3,85.6,2
20,35.4,45.3,15.5,76.3,0
21,35.4,45.3,15.5,76.3,0
22,35.4,45.3,15.5,76.3,0
23,35.4,45.3,15.5,76.3,0
24,35.4,45.3,15.5,76.3,0
25,35.4,45.3,15.5,76.3,0
26,35.4,45.3,15.5,76.3,0
20,36.3,46.2,16,83.7,0
23,36.3,46.2,16,83.7,0
24,36.3,46.2,16,83.7,0
25,36.3,46.2,16,83.7,0
26,36.3,46.2,16,83.7,0
25,28.7,38.6,8.8,76.1,2
26,28.7,38.6,8.8,76.1,2
23,20,34.8,12.7,56.5,0
24,20,34.8,12.7,56.5,0
25,20,34.8,12.7,56.5,0
26,20,34.8,12.7,56.5,0
26,30.5,40.4,11.4,78,1
22,37.5,47.3,17.5,84.9,0
23,37.5,47.3,17.5,84.9,0
24,37.5,47.3,17.5,84.9,0
25,37.5,47.3,17.5,84.9,0
26,37.5,47.3,17.5,84.9,0
20,35.2,45.1,15.5,77.2,1
21,35.2,45.1,15.5,77.2,1
22,35.2,45.1,15.5,77.2,1
23,35.2,45.1,15.5,77.2,1
24,35.2,45.1,15.5,77.2,1
25,35.2,45.1,15.5,77.2,1
26,35.2,45.1,15.5,77.2,1
20,35.1,45,14.8,82.6,0
23,35.1,45,14.8,82.6,0
24,35.1,45,14.8,82.6,0
25,35.1,45,14.8,82.6,0
26,35.1,45,14.8,82.6,0
20,38.1,48,18.2,85.6,4
21,38.1,48,18.2,85.6,4
22,38.1,48,18.2,85.6,4
23,38.1,48,18.2,85.6,4
24,38.1,48,18.2,85.6,4
25,38.1,48,18.2,85.6,4
26,38.1,48,18.2,85.6,4
20,35.2,45.1,15.3,77.5,0
21,35.2,45.1,15.3,77.5,0
22,35.2,45.1,15.3,77.5,0
23,35.2,45.1,15.3,77.5,0
24,35.2,45.1,15.3,77.5,0
25,35.2,45.1,15.3,77.5,0
26,35.2,45.1,15.3,77.5,0
23,35.2,45.1,14.9,82.7,0
24,35.2,45.1,14.9,82.7,0
25,35.2,45.1,14.9,82.7,0
26,35.2,45.1,14.9,82.7,0
20,38.2,48.1,18.3,85.7,0
21,38.2,48.1,18.3,85.7,0
22,38.2,48.1,18.3,85.7,0
23,38.2,48.1,18.3,85.7,0
24,38.2,48.1,18.3,85.7,0
25,38.2,48.1,18.3,85.7,0
26,38.2,48.1,18.3,85.7,0
20,34.7,44.6,14.4,82.2,0
23,34.7,44.6,14.4,82.2,0
24,34.7,44.6,14.4,82.2,0
25,34.7,44.6,14.4,82.2,0
26,34.7,44.6,14.4,82.2,0
24,25.7,35.6,2.5,69.5,1
25,25.7,35.6,2.5,69.5,1
26,25.7,35.6,2.5,69.5,1
26,25.5,35.4,2.1,69.7,1
20,37.1,47,17.2,75.8,0
21,37.1,47,17.2,75.8,0
22,37.1,47,17.2,75.8,0
23,37.1,47,17.2,75.8,0
24,37.1,47,17.2,75.8,0
25,37.1,47,17.2,75.8,0
26,37.1,47,17.2,75.8,0
22,37.5,47.4,17.5,84.9,0
23,37.5,47.4,17.5,84.9,0
24,37.5,47.4,17.5,84.9,0
25,37.5,47.4,17.5,84.9,0
26,37.5,47.4,17.5,84.9,0
24,38.3,48.2,18.4,74.1,0
26,38.3,48.2,18.4,74.1,0
22,38.2,48.1,18.3,74.6,1
23,38.2,48.1,18.3,74.6,1
24,38.2,48.1,18.3,74.6,1
25,38.2,48.1,18.3,74.6,1
26,38.2,48.1,18.3,74.6,1
21,36.8,46.7,16.9,84.2,0
22,36.8,46.7,16.9,84.2,0
23,36.8,46.7,16.9,84.2,0
24,36.8,46.7,16.9,84.2,0
25,36.8,46.7,16.9,84.2,0
26,36.8,46.7,16.9,84.2,0
20,38.2,48.1,18.3,73.8,0
21,38.2,48.1,18.3,73.8,0
22,38.2,48.1,18.3,73.8,0
23,38.2,48.1,18.3,73.8,0
24,38.2,48.1,18.3,73.8,0
25,38.2,48.1,18.3,73.8,0
26,38.2,48.1,18.3,73.8,0
22,29.7,45.3,11.4,64,1
23,29.7,45.3,11.4,64,1
24,29.7,45.3,11.4,64,1
25,29.7,45.3,11.4,64,1
26,29.7,45.3,11.4,64,1
18,39,48.9,19.1,72.4,2
19,39,48.9,19.1,72.4,2
20,39,48.9,19.1,72.4,2
21,39,48.9,19.1,72.4,2
22,39,48.9,19.1,72.4,2
23,39,48.9,19.1,72.4,2
24,39,48.9,19.1,72.4,2
25,39,48.9,19.1,72.4,2
26,39,48.9,19.1,72.4,2
7,41.7,51.6,21.8,75.9,4
8,41.7,51.6,21.8,75.9,4
9,41.7,51.6,21.8,75.9,4
10,41.7,51.6,21.8,75.9,4
11,41.7,51.6,21.8,75.9,4
12,41.7,51.6,21.8,75.9,4
13,41.7,51.6,21.8,75.9,4
14,41.7,51.6,21.8,75.9,4
15,41.7,51.6,21.8,75.9,4
16,41.7,51.6,21.8,75.9,4
17,41.7,51.6,21.8,75.9,4
18,41.7,51.6,21.8,75.9,4
19,41.7,51.6,21.8,75.9,4
20,41.7,51.6,21.8,75.9,4
21,41.7,51.6,21.8,75.9,4
22,41.7,51.6,21.8,75.9,4
23,41.7,51.6,21.8,75.9,4
24,41.7,51.6,21.8,75.9,4
25,41.7,51.6,21.8,75.9,4
26,41.7,51.6,21.8,75.9,4
5,36.5,46.4,16.2,84,5
6,36.5,46.4,16.2,84,5
7,36.5,46.4,16.2,84,5
8,36.5,46.4,16.2,84,5
9,36.5,46.4,16.2,84,5
10,36.5,46.4,16.2,84,5
11,36.5,46.4,16.2,84,5
12,36.5,46.4,16.2,84,5
13,36.5,46.4,16.2,84,5
14,36.5,46.4,16.2,84,5
15,36.5,46.4,16.2,84,5
16,36.5,46.4,16.2,84,5
17,36.5,46.4,16.2,84,5
18,36.5,46.4,16.2,84,5
19,36.5,46.4,16.2,84,5
20,36.5,46.4,16.2,84,5
21,36.5,46.4,16.2,84,5
22,36.5,46.4,16.2,84,5
23,36.5,46.4,16.2,84,5
24,36.5,46.4,16.2,84,5
25,36.5,46.4,16.2,84,5
26,36.5,46.4,16.2,84,5
0,22.4,32.3,0,71.2,1
1,22.4,32.3,0,71.2,1
2,22.4,32.3,0,71.2,1
3,22.4,32.3,0,71.2,1
4,22.4,32.3,0,71.2,1
5,22.4,32.3,0,71.2,1
6,22.4,32.3,0,71.2,1
7,22.4,32.3,0,71.2,1
8,22.4,32.3,0,71.2,1
9,22.4,32.3,0,71.2,1
10,22.4,32.3,0,71.2,1
11,22.4,32.3,0,71.2,1
12,22.4,32.3,0,71.2,1
13,22.4,32.3,0,71.2,1
14,22.4,32.3,0,71.2,1
15,22.4,32.3,0,71.2,1
16,22.4,32.3,0,71.2,1
17,22.4,32.3,0,71.2,1
18,22.4,32.3,0,71.2,1
19,22.4,32.3,0,71.2,1
25,22.4,32.3,0,71.2,1
25,43.9,53.8,24,91.3,0
26,43.9,53.8,24,91.3,0
22,10.4,15.8,15.8,71.8,1
23,10.4,15.8,15.8,71.8,1
26,10.4,15.8,15.8,71.8,1
11,16,30.9,16.4,59,0
13,16,30.9,16.4,59,0
14,16,30.9,16.4,59,0
15,16,30.9,16.4,59,0
16,16,30.9,16.4,59,0
17,16,30.9,16.4,59,0
18,16,30.9,16.4,59,0
19,16,30.9,16.4,59,0
21,16,30.9,16.4,59,0
24,16,30.9,16.4,59,0
25,16,30.9,16.4,59,0
26,16,30.9,16.4,59,0
0,12.1,29.8,19.6,62.3,0
1,12.1,29.8,19.6,62.3,0
2,12.1,29.8,19.6,62.3,0
3,12.1,29.8,19.6,62.3,0
4,12.1,29.8,19.6,62.3,0
5,12.1,29.8,19.6,62.3,0
6,12.1,29.8,19.6,62.3,0
7,12.1,29.8,19.6,62.3,0
8,12.1,29.8,19.6,62.3,0
9,12.1,29.8,19.6,62.3,0
10,12.1,29.8,19.6,62.3,0
11,12.1,29.8,19.6,62.3,0
12,12.1,29.8,19.6,62.3,0
13,12.1,29.8,19.6,62.3,0
14,12.1,29.8,19.6,62.3,0
15,12.1,29.8,19.6,62.3,0
16,12.1,29.8,19.6,62.3,0
17,12.1,29.8,19.6,62.3,0
18,12.1,29.8,19.6,62.3,0
19,12.1,29.8,19.6,62.3,0
20,12.1,29.8,19.6,62.3,0
21,12.1,29.8,19.6,62.3,0
22,12.1,29.8,19.6,62.3,0
23,12.1,29.8,19.6,62.3,0
24,12.1,29.8,19.6,62.3,0
25,12.1,29.8,19.6,62.3,0
26,12.1,29.8,19.6,62.3,0
17,4.7,26.7,25.2,60.7,2
18,4.7,26.7,25.2,60.7,2
19,4.7,26.7,25.2,60.7,2
20,4.7,26.7,25.2,60.7,2
21,4.7,26.7,25.2,60.7,2
22,4.7,26.7,25.2,60.7,2
23,4.7,26.7,25.2,60.7,2
24,4.7,26.7,25.2,60.7,2
25,4.7,26.7,25.2,60.7,2
26,4.7,26.7,25.2,60.7,2
10,6.9,19,13.2,67.6,6
11,6.9,19,13.2,67.6,6
12,6.9,19,13.2,67.6,6
13,6.9,19,13.2,67.6,6
14,6.9,19,13.2,67.6,6
15,6.9,19,13.2,67.6,6
16,6.9,19,13.2,67.6,6
17,6.9,19,13.2,67.6,6
18,6.9,19,13.2,67.6,6
19,6.9,19,13.2,67.6,6
20,6.9,19,13.2,67.6,6
23,6.9,19,13.2,67.6,6
24,6.9,19,13.2,67.6,6
25,6.9,19,13.2,67.6,6
26,6.9,19,13.2,67.6,6
1,5.2,22.1,15.9,67.7,2
4,5.2,22.1,15.9,67.7,2
5,5.2,22.1,15.9,67.7,2
6,5.2,22.1,15.9,67.7,2
7,5.2,22.1,15.9,67.7,2
8,5.2,22.1,15.9,67.7,2
9,5.2,22.1,15.9,67.7,2
10,5.2,22.1,15.9,67.7,2
11,5.2,22.1,15.9,67.7,2
12,5.2,22.1,15.9,67.7,2
13,5.2,22.1,15.9,67.7,2
14,5.2,22.1,15.9,67.7,2
15,5.2,22.1,15.9,67.7,2
16,5.2,22.1,15.9,67.7,2
17,5.2,22.1,15.9,67.7,2
18,5.2,22.1,15.9,67.7,2
19,5.2,22.1,15.9,67.7,2
20,5.2,22.1,15.9,67.7,2
21,5.2,22.1,15.9,67.7,2
22,5.2,22.1,15.9,67.7,2
23,5.2,22.1,15.9,67.7,2
24,5.2,22.1,15.9,67.7,2
25,5.2,22.1,15.9,67.7,2
26,5.2,22.1,15.9,67.7,2
0,6.7,31.6,23.1,65.3,2
1,6.7,31.6,23.1,65.3,2
4,6.7,31.6,23.1,65.3,2
5,6.7,31.6,23.1,65.3,2
6,6.7,31.6,23.1,65.3,2
7,6.7,31.6,23.1,65.3,2
8,6.7,31.6,23.1,65.3,2
9,6.7,31.6,23.1,65.3,2
10,6.7,31.6,23.1,65.3,2
11,6.7,31.6,23.1,65.3,2
12,6.7,31.6,23.1,65.3,2
13,6.7,31.6,23.1,65.3,2
14,6.7,31.6,23.1,65.3,2
15,6.7,31.6,23.1,65.3,2
16,6.7,31.6,23.1,65.3,2
17,6.7,31.6,23.1,65.3,2
18,6.7,31.6,23.1,65.3,2
19,6.7,31.6,23.1,65.3,2
20,6.7,31.6,23.1,65.3,2
21,6.7,31.6,23.1,65.3,2
22,6.7,31.6,23.1,65.3,2
23,6.7,31.6,23.1,65.3,2
26,6.7,31.6,23.1,65.3,2
8,10.3,26.4,20.3,62.5,0
10,10.3,26.4,20.3,62.5,0
11,10.3,26.4,20.3,62.5,0
13,10.3,26.4,20.3,62.5,0
14,10.3,26.4,20.3,62.5,0
15,10.3,26.4,20.3,62.5,0
16,10.3,26.4,20.3,62.5,0
17,10.3,26.4,20.3,62.5,0
18,10.3,26.4,20.3,62.5,0
19,10.3,26.4,20.3,62.5,0
20,10.3,26.4,20.3,62.5,0
21,10.3,26.4,20.3,62.5,0
25,10.3,26.4,20.3,62.5,0
26,10.3,26.4,20.3,62.5,0
6,10.2,27.9,21.7,63.9,1
9,10.2,27.9,21.7,63.9,1
10,10.2,27.9,21.7,63.9,1
11,10.2,27.9,21.7,63.9,1
12,10.2,27.9,21.7,63.9,1
13,10.2,27.9,21.7,63.9,1
14,10.2,27.9,21.7,63.9,1
15,10.2,27.9,21.7,63.9,1
16,10.2,27.9,21.7,63.9,1
17,10.2,27.9,21.7,63.9,1
18,10.2,27.9,21.7,63.9,1
19,10.2,27.9,21.7,63.9,1
22,10.2,27.9,21.7,63.9,1
23,10.2,27.9,21.7,63.9,1
24,10.2,27.9,21.7,63.9,1
25,10.2,27.9,21.7,63.9,1
26,10.2,27.9,21.7,63.9,1
13,9.1,16.1,14.9,70.9,4
16,9.1,16.1,14.9,70.9,4
17,9.1,16.1,14.9,70.9,4
18,9.1,16.1,14.9,70.9,4
19,9.1,16.1,14.9,70.9,4
20,9.1,16.1,14.9,70.9,4
21,9.1,16.1,14.9,70.9,4
22,9.1,16.1,14.9,70.9,4
24,9.1,16.1,14.9,70.9,4
25,9.1,16.1,14.9,70.9,4
26,9.1,16.1,14.9,70.9,4
9,7.5,20.1,16.1,72.1,1
10,7.5,20.1,16.1,72.1,1
12,7.5,20.1,16.1,72.1,1
13,7.5,20.1,16.1,72.1,1
14,7.5,20.1,16.1,72.1,1
15,7.5,20.1,16.1,72.1,1
16,7.5,20.1,16.1,72.1,1
17,7.5,20.1,16.1,72.1,1
18,7.5,20.1,16.1,72.1,1
19,7.5,20.1,16.1,72.1,1
20,7.5,20.1,16.1,72.1,1
21,7.5,20.1,16.1,72.1,1
24,7.5,20.1,16.1,72.1,1
25,7.5,20.1,16.1,72.1,1
26,7.5,20.1,16.1,72.1,1
11,9,26.7,20.5,62.7,5
13,9,26.7,20.5,62.7,5
16,9,26.7,20.5,62.7,5
17,9,26.7,20.5,62.7,5
18,9,26.7,20.5,62.7,5
19,9,26.7,20.5,62.7,5
20,9,26.7,20.5,62.7,5
21,9,26.7,20.5,62.7,5
22,9,26.7,20.5,62.7,5
23,9,26.7,20.5,62.7,5
24,9,26.7,20.5,62.7,5
25,9,26.7,20.5,62.7,5
26,9,26.7,20.5,62.7,5
0,17.7,32.6,18.1,56.4,2
1,17.7,32.6,18.1,56.4,2
2,17.7,32.6,18.1,56.4,2
3,17.7,32.6,18.1,56.4,2
4,17.7,32.6,18.1,56.4,2
5,17.7,32.6,18.1,56.4,2
6,17.7,32.6,18.1,56.4,2
7,17.7,32.6,18.1,56.4,2
8,17.7,32.6,18.1,56.4,2
9,17.7,32.6,18.1,56.4,2
10,17.7,32.6,18.1,56.4,2
11,17.7,32.6,18.1,56.4,2
12,17.7,32.6,18.1,56.4,2
13,17.7,32.6,18.1,56.4,2
14,17.7,32.6,18.1,56.4,2
15,17.7,32.6,18.1,56.4,2
16,17.7,32.6,18.1,56.4,2
17,17.7,32.6,18.1,56.4,2
18,17.7,32.6,18.1,56.4,2
19,17.7,32.6,18.1,56.4,2
22,17.7,32.6,18.1,56.4,2
23,17.7,32.6,18.1,56.4,2
24,17.7,32.6,18.1,56.4,2
25,17.7,32.6,18.1,56.4,2
26,17.7,32.6,18.1,56.4,2
0,17.7,32.6,15.1,57.9,0
1,17.7,32.6,15.1,57.9,0
2,17.7,32.6,15.1,57.9,0
3,17.7,32.6,15.1,57.9,0
4,17.7,32.6,15.1,57.9,0
5,17.7,32.6,15.1,57.9,0
6,17.7,32.6,15.1,57.9,0
7,17.7,32.6,15.1,57.9,0
8,17.7,32.6,15.1,57.9,0
9,17.7,32.6,15.1,57.9,0
10,17.7,32.6,15.1,57.9,0
11,17.7,32.6,15.1,57.9,0
12,17.7,32.6,15.1,57.9,0
13,17.7,32.6,15.1,57.9,0
14,17.7,32.6,15.1,57.9,0
15,17.7,32.6,15.1,57.9,0
16,17.7,32.6,15.1,57.9,0
17,17.7,32.6,15.1,57.9,0
18,17.7,32.6,15.1,57.9,0
19,17.7,32.6,15.1,57.9,0
20,17.7,32.6,15.1,57.9,0
22,17.7,32.6,15.1,57.9,0
23,17.7,32.6,15.1,57.9,0
24,17.7,32.6,15.1,57.9,0
25,17.7,32.6,15.1,57.9,0
26,17.7,32.6,15.1,57.9,0
0,17.7,32.6,18.1,56.4,2
1,17.7,32.6,18.1,56.4,2
2,17.7,32.6,18.1,56.4,2
3,17.7,32.6,18.1,56.4,2
4,17.7,32.6,18.1,56.4,2
5,17.7,32.6,18.1,56.4,2
6,17.7,32.6,18.1,56.4,2
7,17.7,32.6,18.1,56.4,2
8,17.7,32.6,18.1,56.4,2
9,17.7,32.6,18.1,56.4,2
10,17.7,32.6,18.1,56.4,2
11,17.7,32.6,18.1,56.4,2
12,17.7,32.6,18.1,56.4,2
13,17.7,32.6,18.1,56.4,2
14,17.7,32.6,18.1,56.4,2
15,17.7,32.6,18.1,56.4,2
16,17.7,32.6,18.1,56.4,2
17,17.7,32.6,18.1,56.4,2
18,17.7,32.6,18.1,56.4,2
19,17.7,32.6,18.1,56.4,2
20,17.7,32.6,18.1,56.4,2
21,17.7,32.6,18.1,56.4,2
22,17.7,32.6,18.1,56.4,2
23,17.7,32.6,18.1,56.4,2
24,17.7,32.6,18.1,56.4,2
25,17.7,32.6,18.1,56.4,2
26,17.7,32.6,18.1,56.4,2
23,17.3,32.2,17.7,57,3
25,17.3,32.2,17.7,57,3
0,5.7,30.3,24.1,59.6,3
1,5.7,30.3,24.1,59.6,3
2,5.7,30.3,24.1,59.6,3
3,5.7,30.3,24.1,59.6,3
4,5.7,30.3,24.1,59.6,3
5,5.7,30.3,24.1,59.6,3
6,5.7,30.3,24.1,59.6,3
7,5.7,30.3,24.1,59.6,3
8,5.7,30.3,24.1,59.6,3
9,5.7,30.3,24.1,59.6,3
10,5.7,30.3,24.1,59.6,3
11,5.7,30.3,24.1,59.6,3
12,5.7,30.3,24.1,59.6,3
13,5.7,30.3,24.1,59.6,3
14,5.7,30.3,24.1,59.6,3
15,5.7,30.3,24.1,59.6,3
16,5.7,30.3,24.1,59.6,3
17,5.7,30.3,24.1,59.6,3
18,5.7,30.3,24.1,59.6,3
19,5.7,30.3,24.1,59.6,3
20,5.7,30.3,24.1,59.6,3
21,5.7,30.3,24.1,59.6,3
22,5.7,30.3,24.1,59.6,3
23,5.7,30.3,24.1,59.6,3
24,5.7,30.3,24.1,59.6,3
25,5.7,30.3,24.1,59.6,3
26,5.7,30.3,24.1,59.6,3
17,4.8,26.8,25.1,60.6,0
18,4.8,26.8,25.1,60.6,0
22,4.8,26.8,25.1,60.6,0
23,4.8,26.8,25.1,60.6,0
24,4.8,26.8,25.1,60.6,0
25,4.8,26.8,25.1,60.6,0
26,4.8,26.8,25.1,60.6,0
20,10.2,26.3,20.2,62.3,0
21,10.2,26.3,20.2,62.3,0
22,10.2,26.3,20.2,62.3,0
23,10.2,26.3,20.2,62.3,0
24,10.2,26.3,20.2,62.3,0
25,10.2,26.3,20.2,62.3,0
26,10.2,26.3,20.2,62.3,0
4,9.6,12.5,18.8,67.7,0
5,9.6,12.5,18.8,67.7,0
8,9.6,12.5,18.8,67.7,0
10,9.6,12.5,18.8,67.7,0
11,9.6,12.5,18.8,67.7,0
12,9.6,12.5,18.8,67.7,0
13,9.6,12.5,18.8,67.7,0
14,9.6,12.5,18.8,67.7,0
15,9.6,12.5,18.8,67.7,0
16,9.6,12.5,18.8,67.7,0
17,9.6,12.5,18.8,67.7,0
18,9.6,12.5,18.8,67.7,0
19,9.6,12.5,18.8,67.7,0
25,9.6,12.5,18.8,67.7,0
23,8.6,13.1,18.2,66.8,0
25,8.6,13.1,18.2,66.8,0
26,8.6,13.1,18.2,66.8,0
11,10.2,17.7,13.5,69.3,0
12,10.2,17.7,13.5,69.3,0
14,10.2,17.7,13.5,69.3,0
15,10.2,17.7,13.5,69.3,0
16,10.2,17.7,13.5,69.3,0
20,10.2,17.7,13.5,69.3,0
21,10.2,17.7,13.5,69.3,0
22,10.2,17.7,13.5,69.3,0
23,10.2,17.7,13.5,69.3,0
24,10.2,17.7,13.5,69.3,0
25,10.2,17.7,13.5,69.3,0
26,10.2,17.7,13.5,69.3,0
25,10.3,22.9,13.7,69.2,4
11,17.1,24.5,18.3,66.1,2
13,17.1,24.5,18.3,66.1,2
14,17.1,24.5,18.3,66.1,2
15,17.1,24.5,18.3,66.1,2
16,17.1,24.5,18.3,66.1,2
17,17.1,24.5,18.3,66.1,2
18,17.1,24.5,18.3,66.1,2
19,17.1,24.5,18.3,66.1,2
20,17.1,24.5,18.3,66.1,2
21,17.1,24.5,18.3,66.1,2
24,17.1,24.5,18.3,66.1,2
25,17.1,24.5,18.3,66.1,2
7,17.1,24.5,18.3,66.1,1
9,17.1,24.5,18.3,66.1,1
11,17.1,24.5,18.3,66.1,1
12,17.1,24.5,18.3,66.1,1
14,17.1,24.5,18.3,66.1,1
15,17.1,24.5,18.3,66.1,1
16,17.1,24.5,18.3,66.1,1
17,17.1,24.5,18.3,66.1,1
18,17.1,24.5,18.3,66.1,1
19,17.1,24.5,18.3,66.1,1
22,17.1,24.5,18.3,66.1,1
23,17.1,24.5,18.3,66.1,1
24,17.1,24.5,18.3,66.1,1
25,17.1,24.5,18.3,66.1,1
26,17.1,24.5,18.3,66.1,1
23,12.9,18.2,17.5,74.3,1
24,12.9,18.2,17.5,74.3,1
25,12.9,18.2,17.5,74.3,1
26,12.9,18.2,17.5,74.3,1
24,16.7,7.3,25.1,85,0
5,14.1,19.5,14,77,2
6,14.1,19.5,14,77,2
7,14.1,19.5,14,77,2
8,14.1,19.5,14,77,2
9,14.1,19.5,14,77,2
10,14.1,19.5,14,77,2
11,14.1,19.5,14,77,2
12,14.1,19.5,14,77,2
13,14.1,19.5,14,77,2
14,14.1,19.5,14,77,2
15,14.1,19.5,14,77,2
16,14.1,19.5,14,77,2
17,14.1,19.5,14,77,2
18,14.1,19.5,14,77,2
19,14.1,19.5,14,77,2
20,14.1,19.5,14,77,2
21,14.1,19.5,14,77,2
22,14.1,19.5,14,77,2
23,14.1,19.5,14,77,2
24,14.1,19.5,14,77,2
25,14.1,19.5,14,77,2
0,14.1,19.5,14,77,2
1,14.1,19.5,14,77,2
2,14.1,19.5,14,77,2
3,14.1,19.5,14,77,2
4,14.1,19.5,14,77,2
5,14.1,19.5,14,77,2
6,14.1,19.5,14,77,2
7,14.1,19.5,14,77,2
8,14.1,19.5,14,77,2
9,14.1,19.5,14,77,2
10,14.1,19.5,14,77,2
11,14.1,19.5,14,77,2
12,14.1,19.5,14,77,2
13,14.1,19.5,14,77,2
14,14.1,19.5,14,77,2
15,14.1,19.5,14,77,2
16,14.1,19.5,14,77,2
17,14.1,19.5,14,77,2
18,14.1,19.5,14,77,2
19,14.1,19.5,14,77,2
20,14.1,19.5,14,77,2
21,14.1,19.5,14,77,2
22,14.1,19.5,14,77,2
23,14.1,19.5,14,77,2
0,10.1,17.5,12.1,69.5,1
1,10.1,17.5,12.1,69.5,1
2,10.1,17.5,12.1,69.5,1
14,10.1,17.5,12.1,69.5,1
20,10.1,17.5,12.1,69.5,1
23,10.1,17.5,12.1,69.5,1
26,10.1,17.5,12.1,69.5,1
5,13.1,23.3,11.3,71,0
6,13.1,23.3,11.3,71,0
7,13.1,23.3,11.3,71,0
9,13.1,23.3,11.3,71,0
10,13.1,23.3,11.3,71,0
11,13.1,23.3,11.3,71,0
12,13.1,23.3,11.3,71,0
13,13.1,23.3,11.3,71,0
14,13.1,23.3,11.3,71,0
15,13.1,23.3,11.3,71,0
16,13.1,23.3,11.3,71,0
18,13.1,23.3,11.3,71,0
19,13.1,23.3,11.3,71,0
20,13.1,23.3,11.3,71,0
21,13.1,23.3,11.3,71,0
22,13.1,23.3,11.3,71,0
23,13.1,23.3,11.3,71,0
24,13.1,23.3,11.3,71,0
25,13.1,23.3,11.3,71,0
26,13.1,23.3,11.3,71,0
11,13.7,24.3,10.9,70.3,1
13,13.7,24.3,10.9,70.3,1
14,13.7,24.3,10.9,70.3,1
18,13.7,24.3,10.9,70.3,1
22,13.7,24.3,10.9,70.3,1
26,13.7,24.3,10.9,70.3,1
24,10.5,14.4,17.3,73.3,0
25,10.5,14.4,17.3,73.3,0
26,10.5,14.4,17.3,73.3,0
22,16.7,7.3,23.7,83.6,1
25,16.7,7.3,23.7,83.6,1
10,10.2,17.7,13.5,69.3,0
11,10.2,17.7,13.5,69.3,0
12,10.2,17.7,13.5,69.3,0
14,10.2,17.7,13.5,69.3,0
15,10.2,17.7,13.5,69.3,0
16,10.2,17.7,13.5,69.3,0
17,10.2,17.7,13.5,69.3,0
18,10.2,17.7,13.5,69.3,0
19,10.2,17.7,13.5,69.3,0
20,10.2,17.7,13.5,69.3,0
21,10.2,17.7,13.5,69.3,0
22,10.2,17.7,13.5,69.3,0
23,10.2,17.7,13.5,69.3,0
24,10.2,17.7,13.5,69.3,0
25,10.2,17.7,13.5,69.3,0
26,10.2,17.7,13.5,69.3,0
0,14.9,12.6,21.8,81.7,1
1,14.9,12.6,21.8,81.7,1
2,14.9,12.6,21.8,81.7,1
3,14.9,12.6,21.8,81.7,1
4,14.9,12.6,21.8,81.7,1
5,14.9,12.6,21.8,81.7,1
6,14.9,12.6,21.8,81.7,1
7,14.9,12.6,21.8,81.7,1
8,14.9,12.6,21.8,81.7,1
9,14.9,12.6,21.8,81.7,1
10,14.9,12.6,21.8,81.7,1
11,14.9,12.6,21.8,81.7,1
12,14.9,12.6,21.8,81.7,1
13,14.9,12.6,21.8,81.7,1
14,14.9,12.6,21.8,81.7,1
15,14.9,12.6,21.8,81.7,1
16,14.9,12.6,21.8,81.7,1
17,14.9,12.6,21.8,81.7,1
18,14.9,12.6,21.8,81.7,1
19,14.9,12.6,21.8,81.7,1
21,14.9,12.6,21.8,81.7,1
22,14.9,12.6,21.8,81.7,1
23,14.9,12.6,21.8,81.7,1
24,14.9,12.6,21.8,81.7,1
25,14.9,12.6,21.8,81.7,1
26,14.9,12.6,21.8,81.7,1
19,13.3,10.6,19.8,79.8,1
20,13.3,10.6,19.8,79.8,1
21,13.3,10.6,19.8,79.8,1
22,13.3,10.6,19.8,79.8,1
23,13.3,10.6,19.8,79.8,1
24,13.3,10.6,19.8,79.8,1
25,13.3,10.6,19.8,79.8,1
26,13.3,10.6,19.8,79.8,1
22,11.2,10.5,19.1,69.4,0
24,11.2,10.5,19.1,69.4,0
25,11.2,10.5,19.1,69.4,0
20,16.8,4.4,27.6,74.9,2
21,16.8,4.4,27.6,74.9,2
22,16.8,4.4,27.6,74.9,2
7,18.8,0,29.3,77,0
9,18.8,0,29.3,77,0
10,18.8,0,29.3,77,0
13,18.8,0,29.3,77,0
16,18.8,0,29.3,77,0
19,18.8,0,29.3,77,0
24,18.8,0,29.3,77,0
25,18.8,0,29.3,77,0
26,18.8,0,29.3,77,0
7,18.8,1.4,29.5,77,1
9,18.8,1.4,29.5,77,1
10,18.8,1.4,29.5,77,1
12,18.8,1.4,29.5,77,1
13,18.8,1.4,29.5,77,1
14,18.8,1.4,29.5,77,1
15,18.8,1.4,29.5,77,1
16,18.8,1.4,29.5,77,1
18,18.8,1.4,29.5,77,1
19,18.8,1.4,29.5,77,1
25,18.8,1.4,29.5,77,1
15,23.4,5.2,28.8,81,2
16,23.4,5.2,28.8,81,2
18,23.4,5.2,28.8,81,2
20,23.4,5.2,28.8,81,2
21,23.4,5.2,28.8,81,2
22,23.4,5.2,28.8,81,2
23,23.4,5.2,28.8,81,2
25,23.4,5.2,28.8,81,2
26,23.4,5.2,28.8,81,2
1,26.5,8.9,31.4,91.3,4
2,26.5,8.9,31.4,91.3,4
7,26.5,8.9,31.4,91.3,4
8,26.5,8.9,31.4,91.3,4
9,26.5,8.9,31.4,91.3,4
10,26.5,8.9,31.4,91.3,4
11,26.5,8.9,31.4,91.3,4
12,26.5,8.9,31.4,91.3,4
13,26.5,8.9,31.4,91.3,4
14,26.5,8.9,31.4,91.3,4
15,26.5,8.9,31.4,91.3,4
16,26.5,8.9,31.4,91.3,4
17,26.5,8.9,31.4,91.3,4
18,26.5,8.9,31.4,91.3,4
19,26.5,8.9,31.4,91.3,4
23,26.5,8.9,31.4,91.3,4
24,26.5,8.9,31.4,91.3,4
26,26.5,8.9,31.4,91.3,4
1,25.6,8,30.5,90.5,1
2,25.6,8,30.5,90.5,1
4,25.6,8,30.5,90.5,1
6,25.6,8,30.5,90.5,1
7,25.6,8,30.5,90.5,1
9,25.6,8,30.5,90.5,1
10,25.6,8,30.5,90.5,1
11,25.6,8,30.5,90.5,1
12,25.6,8,30.5,90.5,1
13,25.6,8,30.5,90.5,1
14,25.6,8,30.5,90.5,1
15,25.6,8,30.5,90.5,1
16,25.6,8,30.5,90.5,1
17,25.6,8,30.5,90.5,1
18,25.6,8,30.5,90.5,1
19,25.6,8,30.5,90.5,1
20,25.6,8,30.5,90.5,1
21,25.6,8,30.5,90.5,1
22,25.6,8,30.5,90.5,1
23,25.6,8,30.5,90.5,1
24,25.6,8,30.5,90.5,1
26,25.6,8,30.5,90.5,1
20,9.8,8.9,21.4,69.1,3
21,9.8,8.9,21.4,69.1,3
22,9.8,8.9,21.4,69.1,3
23,9.8,8.9,21.4,69.1,3
24,9.8,8.9,21.4,69.1,3
25,9.8,8.9,21.4,69.1,3
26,9.8,8.9,21.4,69.1,3
4,12.2,8.5,22.1,70.3,2
7,12.2,8.5,22.1,70.3,2
8,12.2,8.5,22.1,70.3,2
9,12.2,8.5,22.1,70.3,2
10,12.2,8.5,22.1,70.3,2
12,12.2,8.5,22.1,70.3,2
13,12.2,8.5,22.1,70.3,2
14,12.2,8.5,22.1,70.3,2
15,12.2,8.5,22.1,70.3,2
16,12.2,8.5,22.1,70.3,2
17,12.2,8.5,22.1,70.3,2
18,12.2,8.5,22.1,70.3,2
19,12.2,8.5,22.1,70.3,2
20,12.2,8.5,22.1,70.3,2
21,12.2,8.5,22.1,70.3,2
22,12.2,8.5,22.1,70.3,2
24,12.2,8.5,22.1,70.3,2
25,12.2,8.5,22.1,70.3,2
26,12.2,8.5,22.1,70.3,2
0,9.7,8.8,22.1,67.8,2
1,9.7,8.8,22.1,67.8,2
2,9.7,8.8,22.1,67.8,2
3,9.7,8.8,22.1,67.8,2
4,9.7,8.8,22.1,67.8,2
5,9.7,8.8,22.1,67.8,2
6,9.7,8.8,22.1,67.8,2
7,9.7,8.8,22.1,67.8,2
8,9.7,8.8,22.1,67.8,2
9,9.7,8.8,22.1,67.8,2
10,9.7,8.8,22.1,67.8,2
11,9.7,8.8,22.1,67.8,2
12,9.7,8.8,22.1,67.8,2
13,9.7,8.8,22.1,67.8,2
14,9.7,8.8,22.1,67.8,2
15,9.7,8.8,22.1,67.8,2
16,9.7,8.8,22.1,67.8,2
17,9.7,8.8,22.1,67.8,2
18,9.7,8.8,22.1,67.8,2
19,9.7,8.8,22.1,67.8,2
20,9.7,8.8,22.1,67.8,2
21,9.7,8.8,22.1,67.8,2
22,9.7,8.8,22.1,67.8,2
23,9.7,8.8,22.1,67.8,2
24,9.7,8.8,22.1,67.8,2
25,9.7,8.8,22.1,67.8,2
26,9.7,8.8,22.1,67.8,2
0,13,7.2,24,72.3,3
1,13,7.2,24,72.3,3
2,13,7.2,24,72.3,3
4,13,7.2,24,72.3,3
5,13,7.2,24,72.3,3
6,13,7.2,24,72.3,3
7,13,7.2,24,72.3,3
8,13,7.2,24,72.3,3
9,13,7.2,24,72.3,3
10,13,7.2,24,72.3,3
11,13,7.2,24,72.3,3
12,13,7.2,24,72.3,3
13,13,7.2,24,72.3,3
14,13,7.2,24,72.3,3
15,13,7.2,24,72.3,3
16,13,7.2,24,72.3,3
17,13,7.2,24,72.3,3
18,13,7.2,24,72.3,3
19,13,7.2,24,72.3,3
20,13,7.2,24,72.3,3
21,13,7.2,24,72.3,3
22,13,7.2,24,72.3,3
23,13,7.2,24,72.3,3
25,13,7.2,24,72.3,3
3,16.8,3.3,31.9,73.9,3
4,16.8,3.3,31.9,73.9,3
5,16.8,3.3,31.9,73.9,3
6,16.8,3.3,31.9,73.9,3
7,16.8,3.3,31.9,73.9,3
8,16.8,3.3,31.9,73.9,3
9,16.8,3.3,31.9,73.9,3
10,16.8,3.3,31.9,73.9,3
11,16.8,3.3,31.9,73.9,3
12,16.8,3.3,31.9,73.9,3
13,16.8,3.3,31.9,73.9,3
14,16.8,3.3,31.9,73.9,3
15,16.8,3.3,31.9,73.9,3
16,16.8,3.3,31.9,73.9,3
17,16.8,3.3,31.9,73.9,3
18,16.8,3.3,31.9,73.9,3
19,16.8,3.3,31.9,73.9,3
20,16.8,3.3,31.9,73.9,3
21,16.8,3.3,31.9,73.9,3
22,16.8,3.3,31.9,73.9,3
23,16.8,3.3,31.9,73.9,3
24,16.8,3.3,31.9,73.9,3
25,16.8,3.3,31.9,73.9,3
26,16.8,3.3,31.9,73.9,3
10,20,2.3,30.5,78.1,1
13,20,2.3,30.5,78.1,1
15,20,2.3,30.5,78.1,1
16,20,2.3,30.5,78.1,1
17,20,2.3,30.5,78.1,1
18,20,2.3,30.5,78.1,1
19,20,2.3,30.5,78.1,1
20,20,2.3,30.5,78.1,1
21,20,2.3,30.5,78.1,1
22,20,2.3,30.5,78.1,1
23,20,2.3,30.5,78.1,1
24,20,2.3,30.5,78.1,1
25,20,2.3,30.5,78.1,1
26,20,2.3,30.5,78.1,1
8,9.6,12.4,19.4,67.7,1
11,9.6,12.4,19.4,67.7,1
12,9.6,12.4,19.4,67.7,1
13,9.6,12.4,19.4,67.7,1
14,9.6,12.4,19.4,67.7,1
15,9.6,12.4,19.4,67.7,1
16,9.6,12.4,19.4,67.7,1
17,9.6,12.4,19.4,67.7,1
18,9.6,12.4,19.4,67.7,1
19,9.6,12.4,19.4,67.7,1
20,9.6,12.4,19.4,67.7,1
21,9.6,12.4,19.4,67.7,1
22,9.6,12.4,19.4,67.7,1
23,9.6,12.4,19.4,67.7,1
24,9.6,12.4,19.4,67.7,1
25,9.6,12.4,19.4,67.7,1
26,9.6,12.4,19.4,67.7,1
25,9.6,12.4,19.4,67.7,0
23,9.6,12.4,19.4,67.7,1
24,9.6,12.4,19.4,67.7,1
0,19.4,1.9,30.1,77.5,1
1,19.4,1.9,30.1,77.5,1
4,19.4,1.9,30.1,77.5,1
5,19.4,1.9,30.1,77.5,1
6,19.4,1.9,30.1,77.5,1
7,19.4,1.9,30.1,77.5,1
8,19.4,1.9,30.1,77.5,1
9,19.4,1.9,30.1,77.5,1
10,19.4,1.9,30.1,77.5,1
11,19.4,1.9,30.1,77.5,1
12,19.4,1.9,30.1,77.5,1
13,19.4,1.9,30.1,77.5,1
14,19.4,1.9,30.1,77.5,1
15,19.4,1.9,30.1,77.5,1
16,19.4,1.9,30.1,77.5,1
17,19.4,1.9,30.1,77.5,1
18,19.4,1.9,30.1,77.5,1
19,19.4,1.9,30.1,77.5,1
20,19.4,1.9,30.1,77.5,1
21,19.4,1.9,30.1,77.5,1
22,19.4,1.9,30.1,77.5,1
24,19.4,1.9,30.1,77.5,1
25,19.4,1.9,30.1,77.5,1
26,19.4,1.9,30.1,77.5,1
1,13,7.2,24,72.3,2
2,13,7.2,24,72.3,2
3,13,7.2,24,72.3,2
4,13,7.2,24,72.3,2
5,13,7.2,24,72.3,2
6,13,7.2,24,72.3,2
7,13,7.2,24,72.3,2
8,13,7.2,24,72.3,2
9,13,7.2,24,72.3,2
10,13,7.2,24,72.3,2
11,13,7.2,24,72.3,2
12,13,7.2,24,72.3,2
13,13,7.2,24,72.3,2
14,13,7.2,24,72.3,2
15,13,7.2,24,72.3,2
16,13,7.2,24,72.3,2
17,13,7.2,24,72.3,2
18,13,7.2,24,72.3,2
19,13,7.2,24,72.3,2
26,13,7.2,24,72.3,2
22,13.3,8.9,21.2,71.5,0
24,13.3,8.9,21.2,71.5,0
25,13.3,8.9,21.2,71.5,0
26,13.3,8.9,21.2,71.5,0
6,19.1,0.5,29.6,77.3,0
9,19.1,0.5,29.6,77.3,0
12,19.1,0.5,29.6,77.3,0
13,19.1,0.5,29.6,77.3,0
14,19.1,0.5,29.6,77.3,0
15,19.1,0.5,29.6,77.3,0
16,19.1,0.5,29.6,77.3,0
17,19.1,0.5,29.6,77.3,0
18,19.1,0.5,29.6,77.3,0
19,19.1,0.5,29.6,77.3,0
20,19.1,0.5,29.6,77.3,0
21,19.1,0.5,29.6,77.3,0
22,19.1,0.5,29.6,77.3,0
23,19.1,0.5,29.6,77.3,0
25,19.1,0.5,29.6,77.3,0
26,19.1,0.5,29.6,77.3,0
0,11,7.4,24.2,69.2,0
1,11,7.4,24.2,69.2,0
2,11,7.4,24.2,69.2,0
3,11,7.4,24.2,69.2,0
4,11,7.4,24.2,69.2,0
5,11,7.4,24.2,69.2,0
6,11,7.4,24.2,69.2,0
7,11,7.4,24.2,69.2,0
8,11,7.4,24.2,69.2,0
9,11,7.4,24.2,69.2,0
10,11,7.4,24.2,69.2,0
11,11,7.4,24.2,69.2,0
12,11,7.4,24.2,69.2,0
13,11,7.4,24.2,69.2,0
14,11,7.4,24.2,69.2,0
15,11,7.4,24.2,69.2,0
16,11,7.4,24.2,69.2,0
17,11,7.4,24.2,69.2,0
18,11,7.4,24.2,69.2,0
19,11,7.4,24.2,69.2,0
20,11,7.4,24.2,69.2,0
21,11,7.4,24.2,69.2,0
22,11,7.4,24.2,69.2,0
23,11,7.4,24.2,69.2,0
24,11,7.4,24.2,69.2,0
25,11,7.4,24.2,69.2,0
26,11,7.4,24.2,69.2,0
16,9,9.2,21.4,67.1,0
17,9,9.2,21.4,67.1,0
19,9,9.2,21.4,67.1,0
20,9,9.2,21.4,67.1,0
22,9,9.2,21.4,67.1,0
23,9,9.2,21.4,67.1,0
24,9,9.2,21.4,67.1,0
26,9,9.2,21.4,67.1,0
23,15.4,5.5,26.5,73.5,2
24,15.4,5.5,26.5,73.5,2
25,15.4,5.5,26.5,73.5,2
26,15.4,5.5,26.5,73.5,2
0,14.8,5.6,25.9,73,2
1,14.8,5.6,25.9,73,2
2,14.8,5.6,25.9,73,2
3,14.8,5.6,25.9,73,2
4,14.8,5.6,25.9,73,2
5,14.8,5.6,25.9,73,2
6,14.8,5.6,25.9,73,2
7,14.8,5.6,25.9,73,2
8,14.8,5.6,25.9,73,2
9,14.8,5.6,25.9,73,2
10,14.8,5.6,25.9,73,2
11,14.8,5.6,25.9,73,2
12,14.8,5.6,25.9,73,2
13,14.8,5.6,25.9,73,2
14,14.8,5.6,25.9,73,2
15,14.8,5.6,25.9,73,2
16,14.8,5.6,25.9,73,2
17,14.8,5.6,25.9,73,2
18,14.8,5.6,25.9,73,2
19,14.8,5.6,25.9,73,2
20,14.8,5.6,25.9,73,2
21,14.8,5.6,25.9,73,2
22,14.8,5.6,25.9,73,2
23,14.8,5.6,25.9,73,2
24,14.8,5.6,25.9,73,2
25,14.8,5.6,25.9,73,2
26,14.8,5.6,25.9,73,2
0,7.8,14.4,23.3,63.9,2
1,7.8,14.4,23.3,63.9,2
2,7.8,14.4,23.3,63.9,2
6,7.8,14.4,23.3,63.9,2
7,7.8,14.4,23.3,63.9,2
8,7.8,14.4,23.3,63.9,2
10,7.8,14.4,23.3,63.9,2
11,7.8,14.4,23.3,63.9,2
12,7.8,14.4,23.3,63.9,2
13,7.8,14.4,23.3,63.9,2
14,7.8,14.4,23.3,63.9,2
15,7.8,14.4,23.3,63.9,2
16,7.8,14.4,23.3,63.9,2
17,7.8,14.4,23.3,63.9,2
18,7.8,14.4,23.3,63.9,2
19,7.8,14.4,23.3,63.9,2
20,7.8,14.4,23.3,63.9,2
22,7.8,14.4,23.3,63.9,2
0,7.8,14.4,23.3,63.9,2
1,7.8,14.4,23.3,63.9,2
2,7.8,14.4,23.3,63.9,2
3,7.8,14.4,23.3,63.9,2
4,7.8,14.4,23.3,63.9,2
5,7.8,14.4,23.3,63.9,2
6,7.8,14.4,23.3,63.9,2
7,7.8,14.4,23.3,63.9,2
8,7.8,14.4,23.3,63.9,2
9,7.8,14.4,23.3,63.9,2
10,7.8,14.4,23.3,63.9,2
11,7.8,14.4,23.3,63.9,2
12,7.8,14.4,23.3,63.9,2
13,7.8,14.4,23.3,63.9,2
14,7.8,14.4,23.3,63.9,2
15,7.8,14.4,23.3,63.9,2
16,7.8,14.4,23.3,63.9,2
17,7.8,14.4,23.3,63.9,2
18,7.8,14.4,23.3,63.9,2
19,7.8,14.4,23.3,63.9,2
20,7.8,14.4,23.3,63.9,2
21,7.8,14.4,23.3,63.9,2
22,7.8,14.4,23.3,63.9,2
23,7.8,14.4,23.3,63.9,2
24,7.8,14.4,23.3,63.9,2
25,7.8,14.4,23.3,63.9,2
26,7.8,14.4,23.3,63.9,2
24,6.5,16.9,17.3,66.9,1
26,6.5,16.9,17.3,66.9,1
24,8.7,26.5,37.6,48.4,2
25,8.7,26.5,37.6,48.4,2
26,8.7,26.5,37.6,48.4,2
0,4,22.8,27.2,60.1,1
1,4,22.8,27.2,60.1,1
2,4,22.8,27.2,60.1,1
3,4,22.8,27.2,60.1,1
4,4,22.8,27.2,60.1,1
5,4,22.8,27.2,60.1,1
6,4,22.8,27.2,60.1,1
7,4,22.8,27.2,60.1,1
8,4,22.8,27.2,60.1,1
9,4,22.8,27.2,60.1,1
10,4,22.8,27.2,60.1,1
11,4,22.8,27.2,60.1,1
12,4,22.8,27.2,60.1,1
13,4,22.8,27.2,60.1,1
14,4,22.8,27.2,60.1,1
15,4,22.8,27.2,60.1,1
16,4,22.8,27.2,60.1,1
17,4,22.8,27.2,60.1,1
18,4,22.8,27.2,60.1,1
19,4,22.8,27.2,60.1,1
20,4,22.8,27.2,60.1,1
21,4,22.8,27.2,60.1,1
22,4,22.8,27.2,60.1,1
24,4,22.8,27.2,60.1,1
25,4,22.8,27.2,60.1,1
26,4,22.8,27.2,60.1,1
21,4.7,23.5,27.4,59.3,1
23,4.7,23.5,27.4,59.3,1
24,4.7,23.5,27.4,59.3,1
26,4.7,23.5,27.4,59.3,1
24,4.7,23.5,27.4,59.3,2
3,5.4,18,17.3,63.5,2
4,5.4,18,17.3,63.5,2
6,5.4,18,17.3,63.5,2
8,5.4,18,17.3,63.5,2
9,5.4,18,17.3,63.5,2
13,5.4,18,17.3,63.5,2
16,5.4,18,17.3,63.5,2
17,5.4,18,17.3,63.5,2
18,5.4,18,17.3,63.5,2
19,5.4,18,17.3,63.5,2
20,5.4,18,17.3,63.5,2
21,5.4,18,17.3,63.5,2
22,5.4,18,17.3,63.5,2
23,5.4,18,17.3,63.5,2
24,5.4,18,17.3,63.5,2
25,5.4,18,17.3,63.5,2
26,5.4,18,17.3,63.5,2
0,4.2,15.4,22.3,62.9,1
1,4.2,15.4,22.3,62.9,1
2,4.2,15.4,22.3,62.9,1
3,4.2,15.4,22.3,62.9,1
4,4.2,15.4,22.3,62.9,1
5,4.2,15.4,22.3,62.9,1
6,4.2,15.4,22.3,62.9,1
7,4.2,15.4,22.3,62.9,1
8,4.2,15.4,22.3,62.9,1
9,4.2,15.4,22.3,62.9,1
10,4.2,15.4,22.3,62.9,1
11,4.2,15.4,22.3,62.9,1
12,4.2,15.4,22.3,62.9,1
13,4.2,15.4,22.3,62.9,1
14,4.2,15.4,22.3,62.9,1
15,4.2,15.4,22.3,62.9,1
16,4.2,15.4,22.3,62.9,1
17,4.2,15.4,22.3,62.9,1
18,4.2,15.4,22.3,62.9,1
19,4.2,15.4,22.3,62.9,1
20,4.2,15.4,22.3,62.9,1
21,4.2,15.4,22.3,62.9,1
22,4.2,15.4,22.3,62.9,1
23,4.2,15.4,22.3,62.9,1
24,4.2,15.4,22.3,62.9,1
25,4.2,15.4,22.3,62.9,1
26,4.2,15.4,22.3,62.9,1
19,4.2,15.4,22.3,62.9,1
20,4.2,15.4,22.3,62.9,1
21,4.2,15.4,22.3,62.9,1
22,4.2,15.4,22.3,62.9,1
23,4.2,15.4,22.3,62.9,1
24,4.2,15.4,22.3,62.9,1
25,4.2,15.4,22.3,62.9,1
26,4.2,15.4,22.3,62.9,1
1,8.7,9.5,21.3,66.9,1
3,8.7,9.5,21.3,66.9,1
4,8.7,9.5,21.3,66.9,1
5,8.7,9.5,21.3,66.9,1
6,8.7,9.5,21.3,66.9,1
7,8.7,9.5,21.3,66.9,1
8,8.7,9.5,21.3,66.9,1
9,8.7,9.5,21.3,66.9,1
10,8.7,9.5,21.3,66.9,1
11,8.7,9.5,21.3,66.9,1
12,8.7,9.5,21.3,66.9,1
13,8.7,9.5,21.3,66.9,1
14,8.7,9.5,21.3,66.9,1
15,8.7,9.5,21.3,66.9,1
16,8.7,9.5,21.3,66.9,1
17,8.7,9.5,21.3,66.9,1
18,8.7,9.5,21.3,66.9,1
19,8.7,9.5,21.3,66.9,1
20,8.7,9.5,21.3,66.9,1
21,8.7,9.5,21.3,66.9,1
22,8.7,9.5,21.3,66.9,1
23,8.7,9.5,21.3,66.9,1
24,8.7,9.5,21.3,66.9,1
25,8.7,9.5,21.3,66.9,1
26,8.7,9.5,21.3,66.9,1
5,6.2,15.1,27.3,69.2,0
6,6.2,15.1,27.3,69.2,0
7,6.2,15.1,27.3,69.2,0
8,6.2,15.1,27.3,69.2,0
10,6.2,15.1,27.3,69.2,0
16,6.2,15.1,27.3,69.2,0
17,6.2,15.1,27.3,69.2,0
18,6.2,15.1,27.3,69.2,0
19,6.2,15.1,27.3,69.2,0
21,6.2,15.1,27.3,69.2,0
22,6.2,15.1,27.3,69.2,0
23,6.2,15.1,27.3,69.2,0
24,6.2,15.1,27.3,69.2,0
25,6.2,15.1,27.3,69.2,0
26,6.2,15.1,27.3,69.2,0
0,3.7,17.8,18.8,61.8,2
1,3.7,17.8,18.8,61.8,2
2,3.7,17.8,18.8,61.8,2
3,3.7,17.8,18.8,61.8,2
4,3.7,17.8,18.8,61.8,2
5,3.7,17.8,18.8,61.8,2
6,3.7,17.8,18.8,61.8,2
7,3.7,17.8,18.8,61.8,2
8,3.7,17.8,18.8,61.8,2
9,3.7,17.8,18.8,61.8,2
10,3.7,17.8,18.8,61.8,2
11,3.7,17.8,18.8,61.8,2
12,3.7,17.8,18.8,61.8,2
13,3.7,17.8,18.8,61.8,2
14,3.7,17.8,18.8,61.8,2
15,3.7,17.8,18.8,61.8,2
16,3.7,17.8,18.8,61.8,2
17,3.7,17.8,18.8,61.8,2
18,3.7,17.8,18.8,61.8,2
19,3.7,17.8,18.8,61.8,2
20,3.7,17.8,18.8,61.8,2
21,3.7,17.8,18.8,61.8,2
22,3.7,17.8,18.8,61.8,2
23,3.7,17.8,18.8,61.8,2
24,3.7,17.8,18.8,61.8,2
26,3.7,17.8,18.8,61.8,2
0,2.7,16.5,22.8,60.9,2
1,2.7,16.5,22.8,60.9,2
2,2.7,16.5,22.8,60.9,2
3,2.7,16.5,22.8,60.9,2
4,2.7,16.5,22.8,60.9,2
5,2.7,16.5,22.8,60.9,2
6,2.7,16.5,22.8,60.9,2
7,2.7,16.5,22.8,60.9,2
8,2.7,16.5,22.8,60.9,2
9,2.7,16.5,22.8,60.9,2
10,2.7,16.5,22.8,60.9,2
11,2.7,16.5,22.8,60.9,2
12,2.7,16.5,22.8,60.9,2
13,2.7,16.5,22.8,60.9,2
14,2.7,16.5,22.8,60.9,2
15,2.7,16.5,22.8,60.9,2
16,2.7,16.5,22.8,60.9,2
17,2.7,16.5,22.8,60.9,2
18,2.7,16.5,22.8,60.9,2
19,2.7,16.5,22.8,60.9,2
20,2.7,16.5,22.8,60.9,2
22,2.7,16.5,22.8,60.9,2
23,2.7,16.5,22.8,60.9,2
24,2.7,16.5,22.8,60.9,2
25,2.7,16.5,22.8,60.9,2
26,2.7,16.5,22.8,60.9,2
18,2.9,17.2,19.4,61.1,1
19,2.9,17.2,19.4,61.1,1
20,2.9,17.2,19.4,61.1,1
21,2.9,17.2,19.4,61.1,1
22,2.9,17.2,19.4,61.1,1
23,2.9,17.2,19.4,61.1,1
24,2.9,17.2,19.4,61.1,1
25,2.9,17.2,19.4,61.1,1
26,2.9,17.2,19.4,61.1,1
0,9.4,19.3,22.7,58.5,1
1,9.4,19.3,22.7,58.5,1
2,9.4,19.3,22.7,58.5,1
3,9.4,19.3,22.7,58.5,1
5,9.4,19.3,22.7,58.5,1
6,9.4,19.3,22.7,58.5,1
11,9.4,19.3,22.7,58.5,1
12,9.4,19.3,22.7,58.5,1
13,9.4,19.3,22.7,58.5,1
14,9.4,19.3,22.7,58.5,1
15,9.4,19.3,22.7,58.5,1
16,9.4,19.3,22.7,58.5,1
17,9.4,19.3,22.7,58.5,1
18,9.4,19.3,22.7,58.5,1
19,9.4,19.3,22.7,58.5,1
20,9.4,19.3,22.7,58.5,1
21,9.4,19.3,22.7,58.5,1
22,9.4,19.3,22.7,58.5,1
23,9.4,19.3,22.7,58.5,1
24,9.4,19.3,22.7,58.5,1
25,9.4,19.3,22.7,58.5,1
26,9.4,19.3,22.7,58.5,1
8,4,22.8,26.3,58.1,1
11,4,22.8,26.3,58.1,1
14,4,22.8,26.3,58.1,1
16,4,22.8,26.3,58.1,1
18,4,22.8,26.3,58.1,1
19,4,22.8,26.3,58.1,1
21,4,22.8,26.3,58.1,1
22,4,22.8,26.3,58.1,1
23,4,22.8,26.3,58.1,1
24,4,22.8,26.3,58.1,1
25,4,22.8,26.3,58.1,1
26,4,22.8,26.3,58.1,1
21,41.3,56.2,28.6,69.5,0
22,41.3,56.2,28.6,69.5,0
23,41.3,56.2,28.6,69.5,0
24,41.3,56.2,28.6,69.5,0
25,41.3,56.2,28.6,69.5,0
26,41.3,56.2,28.6,69.5,0
7,44.5,62.7,28.8,81.3,3
9,44.5,62.7,28.8,81.3,3
10,44.5,62.7,28.8,81.3,3
11,44.5,62.7,28.8,81.3,3
12,44.5,62.7,28.8,81.3,3
13,44.5,62.7,28.8,81.3,3
14,44.5,62.7,28.8,81.3,3
15,44.5,62.7,28.8,81.3,3
16,44.5,62.7,28.8,81.3,3
17,44.5,62.7,28.8,81.3,3
18,44.5,62.7,28.8,81.3,3
19,44.5,62.7,28.8,81.3,3
20,44.5,62.7,28.8,81.3,3
21,44.5,62.7,28.8,81.3,3
22,44.5,62.7,28.8,81.3,3
23,44.5,62.7,28.8,81.3,3
24,44.5,62.7,28.8,81.3,3
25,44.5,62.7,28.8,81.3,3
26,44.5,62.7,28.8,81.3,3
22,47.6,62.5,32.3,75.9,4
23,47.6,62.5,32.3,75.9,4
26,47.6,62.5,32.3,75.9,4
14,70.3,85.2,67,73.1,0
15,70.3,85.2,67,73.1,0
16,70.3,85.2,67,73.1,0
17,70.3,85.2,67,73.1,0
18,70.3,85.2,67,73.1,0
19,70.3,85.2,67,73.1,0
20,70.3,85.2,67,73.1,0
21,70.3,85.2,67,73.1,0
22,70.3,85.2,67,73.1,0
23,70.3,85.2,67,73.1,0
24,70.3,85.2,67,73.1,0
25,70.3,85.2,67,73.1,0
26,70.3,85.2,67,73.1,0
0,52.7,67.7,33.8,86.4,0
3,52.7,67.7,33.8,86.4,0
4,52.7,67.7,33.8,86.4,0
5,52.7,67.7,33.8,86.4,0
6,52.7,67.7,33.8,86.4,0
7,52.7,67.7,33.8,86.4,0
8,52.7,67.7,33.8,86.4,0
9,52.7,67.7,33.8,86.4,0
10,52.7,67.7,33.8,86.4,0
11,52.7,67.7,33.8,86.4,0
12,52.7,67.7,33.8,86.4,0
13,52.7,67.7,33.8,86.4,0
14,52.7,67.7,33.8,86.4,0
15,52.7,67.7,33.8,86.4,0
16,52.7,67.7,33.8,86.4,0
17,52.7,67.7,33.8,86.4,0
18,52.7,67.7,33.8,86.4,0
19,52.7,67.7,33.8,86.4,0
20,52.7,67.7,33.8,86.4,0
21,52.7,67.7,33.8,86.4,0
22,52.7,67.7,33.8,86.4,0
23,52.7,67.7,33.8,86.4,0
24,52.7,67.7,33.8,86.4,0
25,52.7,67.7,33.8,86.4,0
26,52.7,67.7,33.8,86.4,0
19,52.7,67.7,33.8,86.4,1
20,52.7,67.7,33.8,86.4,1
21,52.7,67.7,33.8,86.4,1
22,52.7,67.7,33.8,86.4,1
23,52.7,67.7,33.8,86.4,1
24,52.7,67.7,33.8,86.4,1
25,52.7,67.7,33.8,86.4,1
26,52.7,67.7,33.8,86.4,1
19,52.7,67.7,33.8,86.4,0
20,52.7,67.7,33.8,86.4,0
21,52.7,67.7,33.8,86.4,0
22,52.7,67.7,33.8,86.4,0
23,52.7,67.7,33.8,86.4,0
24,52.7,67.7,33.8,86.4,0
25,52.7,67.7,33.8,86.4,0
26,52.7,67.7,33.8,86.4,0
26,51.8,67.4,33.5,86.1,0
15,34.9,49.8,28.6,46.4,4
16,34.9,49.8,28.6,46.4,4
17,34.9,49.8,28.6,46.4,4
18,34.9,49.8,28.6,46.4,4
19,34.9,49.8,28.6,46.4,4
20,34.9,49.8,28.6,46.4,4
23,34.9,49.8,28.6,46.4,4
0,39.1,54.7,20.8,73.4,4
1,39.1,54.7,20.8,73.4,4
2,39.1,54.7,20.8,73.4,4
3,39.1,54.7,20.8,73.4,4
4,39.1,54.7,20.8,73.4,4
5,39.1,54.7,20.8,73.4,4
6,39.1,54.7,20.8,73.4,4
7,39.1,54.7,20.8,73.4,4
8,39.1,54.7,20.8,73.4,4
9,39.1,54.7,20.8,73.4,4
10,39.1,54.7,20.8,73.4,4
11,39.1,54.7,20.8,73.4,4
12,39.1,54.7,20.8,73.4,4
13,39.1,54.7,20.8,73.4,4
14,39.1,54.7,20.8,73.4,4
15,39.1,54.7,20.8,73.4,4
16,39.1,54.7,20.8,73.4,4
17,39.1,54.7,20.8,73.4,4
18,39.1,54.7,20.8,73.4,4
19,39.1,54.7,20.8,73.4,4
20,39.1,54.7,20.8,73.4,4
21,39.1,54.7,20.8,73.4,4
22,39.1,54.7,20.8,73.4,4
23,39.1,54.7,20.8,73.4,4
24,39.1,54.7,20.8,73.4,4
25,39.1,54.7,20.8,73.4,4
26,39.1,54.7,20.8,73.4,4
0,34.5,58.2,24.3,76.9,3
1,34.5,58.2,24.3,76.9,3
2,34.5,58.2,24.3,76.9,3
3,34.5,58.2,24.3,76.9,3
4,34.5,58.2,24.3,76.9,3
5,34.5,58.2,24.3,76.9,3
6,34.5,58.2,24.3,76.9,3
7,34.5,58.2,24.3,76.9,3
8,34.5,58.2,24.3,76.9,3
9,34.5,58.2,24.3,76.9,3
10,34.5,58.2,24.3,76.9,3
11,34.5,58.2,24.3,76.9,3
12,34.5,58.2,24.3,76.9,3
13,34.5,58.2,24.3,76.9,3
14,34.5,58.2,24.3,76.9,3
15,34.5,58.2,24.3,76.9,3
16,34.5,58.2,24.3,76.9,3
17,34.5,58.2,24.3,76.9,3
18,34.5,58.2,24.3,76.9,3
19,34.5,58.2,24.3,76.9,3
20,34.5,58.2,24.3,76.9,3
21,34.5,58.2,24.3,76.9,3
22,34.5,58.2,24.3,76.9,3
23,34.5,58.2,24.3,76.9,3
24,34.5,58.2,24.3,76.9,3
25,34.5,58.2,24.3,76.9,3
26,34.5,58.2,24.3,76.9,3
25,41.9,56.8,28.1,70.2,0
26,41.9,56.8,28.1,70.2,0
16,25.7,40.6,18.2,54,0
17,25.7,40.6,18.2,54,0
18,25.7,40.6,18.2,54,0
19,25.7,40.6,18.2,54,0
20,25.7,40.6,18.2,54,0
21,25.7,40.6,18.2,54,0
22,25.7,40.6,18.2,54,0
23,25.7,40.6,18.2,54,0
24,25.7,40.6,18.2,54,0
25,25.7,40.6,18.2,54,0
26,25.7,40.6,18.2,54,0
4,39.1,59,25.4,73.2,1
6,39.1,59,25.4,73.2,1
7,39.1,59,25.4,73.2,1
8,39.1,59,25.4,73.2,1
10,39.1,59,25.4,73.2,1
11,39.1,59,25.4,73.2,1
12,39.1,59,25.4,73.2,1
13,39.1,59,25.4,73.2,1
14,39.1,59,25.4,73.2,1
15,39.1,59,25.4,73.2,1
16,39.1,59,25.4,73.2,1
17,39.1,59,25.4,73.2,1
18,39.1,59,25.4,73.2,1
19,39.1,59,25.4,73.2,1
0,40.4,55.3,27,68.7,3
1,40.4,55.3,27,68.7,3
2,40.4,55.3,27,68.7,3
3,40.4,55.3,27,68.7,3
4,40.4,55.3,27,68.7,3
5,40.4,55.3,27,68.7,3
6,40.4,55.3,27,68.7,3
7,40.4,55.3,27,68.7,3
8,40.4,55.3,27,68.7,3
9,40.4,55.3,27,68.7,3
10,40.4,55.3,27,68.7,3
11,40.4,55.3,27,68.7,3
12,40.4,55.3,27,68.7,3
13,40.4,55.3,27,68.7,3
14,40.4,55.3,27,68.7,3
15,40.4,55.3,27,68.7,3
16,40.4,55.3,27,68.7,3
17,40.4,55.3,27,68.7,3
18,40.4,55.3,27,68.7,3
19,40.4,55.3,27,68.7,3
20,40.4,55.3,27,68.7,3
21,40.4,55.3,27,68.7,3
22,40.4,55.3,27,68.7,3
23,40.4,55.3,27,68.7,3
24,40.4,55.3,27,68.7,3
25,40.4,55.3,27,68.7,3
26,40.4,55.3,27,68.7,3
18,70.7,80.6,50.8,118,0
19,70.7,80.6,50.8,118,0
20,70.7,80.6,50.8,118,0
21,70.7,80.6,50.8,118,0
22,70.7,80.6,50.8,118,0
23,70.7,80.6,50.8,118,0
24,70.7,80.6,50.8,118,0
25,70.7,80.6,50.8,118,0
26,70.7,80.6,50.8,118,0
24,51.4,67,34,86.5,5
25,51.4,67,34,86.5,5
6,42.1,57,28,70.3,0
7,42.1,57,28,70.3,0
9,42.1,57,28,70.3,0
10,42.1,57,28,70.3,0
12,42.1,57,28,70.3,0
13,42.1,57,28,70.3,0
14,42.1,57,28,70.3,0
15,42.1,57,28,70.3,0
16,42.1,57,28,70.3,0
17,42.1,57,28,70.3,0
18,42.1,57,28,70.3,0
19,42.1,57,28,70.3,0
20,42.1,57,28,70.3,0
21,42.1,57,28,70.3,0
22,42.1,57,28,70.3,0
23,42.1,57,28,70.3,0
24,42.1,57,28,70.3,0
25,42.1,57,28,70.3,0
26,42.1,57,28,70.3,0
22,24.1,39,17.6,52.4,0
24,24.1,39,17.6,52.4,0
16,78,87.9,58.1,125,2
17,78,87.9,58.1,125,2
18,78,87.9,58.1,125,2
19,78,87.9,58.1,125,2
20,78,87.9,58.1,125,2
21,78,87.9,58.1,125,2
22,78,87.9,58.1,125,2
24,78,87.9,58.1,125,2
25,61.3,68.6,38.4,69,1
25,53.5,69.1,35.2,87.8,6
12,71.3,91.5,61.7,106,0
15,71.3,91.5,61.7,106,0
16,71.3,91.5,61.7,106,0
17,71.3,91.5,61.7,106,0
18,71.3,91.5,61.7,106,0
19,71.3,91.5,61.7,106,0
20,71.3,91.5,61.7,106,0
21,71.3,91.5,61.7,106,0
22,71.3,91.5,61.7,106,0
23,71.3,91.5,61.7,106,0
24,71.3,91.5,61.7,106,0
25,71.3,91.5,61.7,106,0
26,71.3,91.5,61.7,106,0
24,269,69.2,35.1,87.7,0
25,269,69.2,35.1,87.7,0
26,54.7,70.4,36.5,89,0
20,39.9,55.5,21.6,74.2,0
21,39.9,55.5,21.6,74.2,0
22,39.9,55.5,21.6,74.2,0
25,39.9,55.5,21.6,74.2,0
17,34.9,57.4,23.5,74.1,0
18,34.9,57.4,23.5,74.1,0
19,34.9,57.4,23.5,74.1,0
20,34.9,57.4,23.5,74.1,0
21,34.9,57.4,23.5,74.1,0
22,34.9,57.4,23.5,74.1,0
24,34.9,57.4,23.5,74.1,0
25,34.9,57.4,23.5,74.1,0
26,34.9,57.4,23.5,74.1,0
14,51.3,79.2,47.6,67.1,3
15,51.3,79.2,47.6,67.1,3
16,51.3,79.2,47.6,67.1,3
17,51.3,79.2,47.6,67.1,3
18,51.3,79.2,47.6,67.1,3
19,51.3,79.2,47.6,67.1,3
20,51.3,79.2,47.6,67.1,3
21,51.3,79.2,47.6,67.1,3
22,51.3,79.2,47.6,67.1,3
23,51.3,79.2,47.6,67.1,3
24,51.3,79.2,47.6,67.1,3
25,51.3,79.2,47.6,67.1,3
26,51.3,79.2,47.6,67.1,3
13,42.1,60.9,30.4,74.2,2
14,42.1,60.9,30.4,74.2,2
15,42.1,60.9,30.4,74.2,2
16,42.1,60.9,30.4,74.2,2
19,42.1,60.9,30.4,74.2,2
20,42.1,60.9,30.4,74.2,2
22,42.1,60.9,30.4,74.2,2
23,42.1,60.9,30.4,74.2,2
24,42.1,60.9,30.4,74.2,2
25,42.1,60.9,30.4,74.2,2
26,42.1,60.9,30.4,74.2,2
17,33.8,44.6,60.6,43.6,0
18,33.8,44.6,60.6,43.6,0
19,33.8,44.6,60.6,43.6,0
20,33.8,44.6,60.6,43.6,0
21,33.8,44.6,60.6,43.6,0
22,33.8,44.6,60.6,43.6,0
23,33.8,44.6,60.6,43.6,0
24,33.8,44.6,60.6,43.6,0
25,33.8,44.6,60.6,43.6,0
26,33.8,44.6,60.6,43.6,0
5,24,38.9,18.3,52.3,0
6,24,38.9,18.3,52.3,0
8,24,38.9,18.3,52.3,0
9,24,38.9,18.3,52.3,0
10,24,38.9,18.3,52.3,0
11,24,38.9,18.3,52.3,0
12,24,38.9,18.3,52.3,0
13,24,38.9,18.3,52.3,0
14,24,38.9,18.3,52.3,0
15,24,38.9,18.3,52.3,0
16,24,38.9,18.3,52.3,0
17,24,38.9,18.3,52.3,0
18,24,38.9,18.3,52.3,0
19,24,38.9,18.3,52.3,0
20,24,38.9,18.3,52.3,0
21,24,38.9,18.3,52.3,0
22,24,38.9,18.3,52.3,0
23,24,38.9,18.3,52.3,0
24,24,38.9,18.3,52.3,0
25,24,38.9,18.3,52.3,0
26,24,38.9,18.3,52.3,0
22,36.5,41.6,27.1,46.3,1
23,36.5,41.6,27.1,46.3,1
24,36.5,41.6,27.1,46.3,1
25,36.5,41.6,27.1,46.3,1
26,36.5,41.6,27.1,46.3,1
23,20.8,35.6,16.9,52,2
24,20.8,35.6,16.9,52,2
25,20.8,35.6,16.9,52,2
26,20.8,35.6,16.9,52,2
21,22.2,37.1,22.5,51.2,0
22,22.2,37.1,22.5,51.2,0
23,22.2,37.1,22.5,51.2,0
24,22.2,37.1,22.5,51.2,0
25,22.2,37.1,22.5,51.2,0
26,22.2,37.1,22.5,51.2,0
8,23.5,38.4,23.8,48.9,1
9,23.5,38.4,23.8,48.9,1
10,23.5,38.4,23.8,48.9,1
11,23.5,38.4,23.8,48.9,1
12,23.5,38.4,23.8,48.9,1
13,23.5,38.4,23.8,48.9,1
14,23.5,38.4,23.8,48.9,1
15,23.5,38.4,23.8,48.9,1
16,23.5,38.4,23.8,48.9,1
17,23.5,38.4,23.8,48.9,1
18,23.5,38.4,23.8,48.9,1
19,23.5,38.4,23.8,48.9,1
20,23.5,38.4,23.8,48.9,1
21,23.5,38.4,23.8,48.9,1
22,23.5,38.4,23.8,48.9,1
23,23.5,38.4,23.8,48.9,1
24,23.5,38.4,23.8,48.9,1
25,23.5,38.4,23.8,48.9,1
26,23.5,38.4,23.8,48.9,1
25,23.3,38.2,23.7,51.6,1
26,23.3,38.2,23.7,51.6,1
8,375,1.8,32.8,47.6,0
9,375,1.8,32.8,47.6,0
10,375,1.8,32.8,47.6,0
11,375,1.8,32.8,47.6,0
12,375,1.8,32.8,47.6,0
13,375,1.8,32.8,47.6,0
14,375,1.8,32.8,47.6,0
15,375,1.8,32.8,47.6,0
16,375,1.8,32.8,47.6,0
17,375,1.8,32.8,47.6,0
18,375,1.8,32.8,47.6,0
19,375,1.8,32.8,47.6,0
20,375,1.8,32.8,47.6,0
21,375,1.8,32.8,47.6,0
22,375,1.8,32.8,47.6,0
23,375,1.8,32.8,47.6,0
24,375,1.8,32.8,47.6,0
25,375,1.8,32.8,47.6,0
26,375,1.8,32.8,47.6,0
0,28,46.8,36.1,37.8,0
1,28,46.8,36.1,37.8,0
2,28,46.8,36.1,37.8,0
3,28,46.8,36.1,37.8,0
4,28,46.8,36.1,37.8,0
5,28,46.8,36.1,37.8,0
6,28,46.8,36.1,37.8,0
7,28,46.8,36.1,37.8,0
8,28,46.8,36.1,37.8,0
9,28,46.8,36.1,37.8,0
10,28,46.8,36.1,37.8,0
11,28,46.8,36.1,37.8,0
12,28,46.8,36.1,37.8,0
13,28,46.8,36.1,37.8,0
14,28,46.8,36.1,37.8,0
15,28,46.8,36.1,37.8,0
16,28,46.8,36.1,37.8,0
17,28,46.8,36.1,37.8,0
18,28,46.8,36.1,37.8,0
19,28,46.8,36.1,37.8,0
20,28,46.8,36.1,37.8,0
21,28,46.8,36.1,37.8,0
22,28,46.8,36.1,37.8,0
23,28,46.8,36.1,37.8,0
24,28,46.8,36.1,37.8,0
25,28,46.8,36.1,37.8,0
26,28,46.8,36.1,37.8,0
0,37.6,42.7,28.2,47.4,1
1,37.6,42.7,28.2,47.4,1
2,37.6,42.7,28.2,47.4,1
3,37.6,42.7,28.2,47.4,1
4,37.6,42.7,28.2,47.4,1
5,37.6,42.7,28.2,47.4,1
6,37.6,42.7,28.2,47.4,1
7,37.6,42.7,28.2,47.4,1
8,37.6,42.7,28.2,47.4,1
9,37.6,42.7,28.2,47.4,1
10,37.6,42.7,28.2,47.4,1
11,37.6,42.7,28.2,47.4,1
12,37.6,42.7,28.2,47.4,1
13,37.6,42.7,28.2,47.4,1
14,37.6,42.7,28.2,47.4,1
15,37.6,42.7,28.2,47.4,1
16,37.6,42.7,28.2,47.4,1
17,37.6,42.7,28.2,47.4,1
18,37.6,42.7,28.2,47.4,1
19,37.6,42.7,28.2,47.4,1
20,37.6,42.7,28.2,47.4,1
21,37.6,42.7,28.2,47.4,1
22,37.6,42.7,28.2,47.4,1
23,37.6,42.7,28.2,47.4,1
24,37.6,42.7,28.2,47.4,1
2,24.8,39.7,25.2,48.7,0
3,24.8,39.7,25.2,48.7,0
4,24.8,39.7,25.2,48.7,0
5,24.8,39.7,25.2,48.7,0
6,24.8,39.7,25.2,48.7,0
7,24.8,39.7,25.2,48.7,0
8,24.8,39.7,25.2,48.7,0
9,24.8,39.7,25.2,48.7,0
10,24.8,39.7,25.2,48.7,0
11,24.8,39.7,25.2,48.7,0
12,24.8,39.7,25.2,48.7,0
13,24.8,39.7,25.2,48.7,0
14,24.8,39.7,25.2,48.7,0
15,24.8,39.7,25.2,48.7,0
16,24.8,39.7,25.2,48.7,0
17,24.8,39.7,25.2,48.7,0
18,24.8,39.7,25.2,48.7,0
19,24.8,39.7,25.2,48.7,0
21,24.8,39.7,25.2,48.7,0
22,24.8,39.7,25.2,48.7,0
16,28.4,43.3,23.4,54.9,0
17,28.4,43.3,23.4,54.9,0
18,28.4,43.3,23.4,54.9,0
19,28.4,43.3,23.4,54.9,0
20,28.4,43.3,23.4,54.9,0
21,28.4,43.3,23.4,54.9,0
22,28.4,43.3,23.4,54.9,0
24,28.4,43.3,23.4,54.9,0
25,28.4,43.3,23.4,54.9,0
26,28.4,43.3,23.4,54.9,0
8,25.7,40.6,18.2,54,0
11,25.7,40.6,18.2,54,0
13,25.7,40.6,18.2,54,0
14,25.7,40.6,18.2,54,0
15,25.7,40.6,18.2,54,0
16,25.7,40.6,18.2,54,0
17,25.7,40.6,18.2,54,0
18,25.7,40.6,18.2,54,0
19,25.7,40.6,18.2,54,0
20,25.7,40.6,18.2,54,0
21,25.7,40.6,18.2,54,0
22,25.7,40.6,18.2,54,0
23,25.7,40.6,18.2,54,0
24,25.7,40.6,18.2,54,0
25,25.7,40.6,18.2,54,0
26,25.7,40.6,18.2,54,0
8,24,38.4,19.4,48.9,0
9,24,38.4,19.4,48.9,0
10,24,38.4,19.4,48.9,0
11,24,38.4,19.4,48.9,0
12,24,38.4,19.4,48.9,0
13,24,38.4,19.4,48.9,0
14,24,38.4,19.4,48.9,0
15,24,38.4,19.4,48.9,0
16,24,38.4,19.4,48.9,0
17,24,38.4,19.4,48.9,0
18,24,38.4,19.4,48.9,0
19,24,38.4,19.4,48.9,0
20,24,38.4,19.4,48.9,0
21,24,38.4,19.4,48.9,0
22,24,38.4,19.4,48.9,0
23,24,38.4,19.4,48.9,0
24,24,38.4,19.4,48.9,0
25,24,38.4,19.4,48.9,0
26,24,38.4,19.4,48.9,0
1,34,43.8,29.3,43.8,1
3,34,43.8,29.3,43.8,1
4,34,43.8,29.3,43.8,1
5,34,43.8,29.3,43.8,1
6,34,43.8,29.3,43.8,1
7,34,43.8,29.3,43.8,1
8,34,43.8,29.3,43.8,1
9,34,43.8,29.3,43.8,1
10,34,43.8,29.3,43.8,1
11,34,43.8,29.3,43.8,1
12,34,43.8,29.3,43.8,1
13,34,43.8,29.3,43.8,1
14,34,43.8,29.3,43.8,1
15,34,43.8,29.3,43.8,1
16,34,43.8,29.3,43.8,1
17,34,43.8,29.3,43.8,1
18,34,43.8,29.3,43.8,1
19,34,43.8,29.3,43.8,1
20,34,43.8,29.3,43.8,1
21,34,43.8,29.3,43.8,1
22,34,43.8,29.3,43.8,1
23,34,43.8,29.3,43.8,1
24,34,43.8,29.3,43.8,1
25,34,43.8,29.3,43.8,1
26,34,43.8,29.3,43.8,1
24,27.9,42.8,22.9,54.4,0
13,35,43.3,28.8,44.8,0
14,35,43.3,28.8,44.8,0
15,35,43.3,28.8,44.8,0
16,35,43.3,28.8,44.8,0
17,35,43.3,28.8,44.8,0
18,35,43.3,28.8,44.8,0
19,35,43.3,28.8,44.8,0
20,35,43.3,28.8,44.8,0
21,35,43.3,28.8,44.8,0
22,35,43.3,28.8,44.8,0
23,35,43.3,28.8,44.8,0
24,35,43.3,28.8,44.8,0
25,35,43.3,28.8,44.8,0
26,35,43.3,28.8,44.8,0
16,20.6,35.5,17.4,51.7,2
18,20.6,35.5,17.4,51.7,2
19,20.6,35.5,17.4,51.7,2
20,20.6,35.5,17.4,51.7,2
21,20.6,35.5,17.4,51.7,2
22,20.6,35.5,17.4,51.7,2
23,20.6,35.5,17.4,51.7,2
24,20.6,35.5,17.4,51.7,2
25,20.6,35.5,17.4,51.7,2
26,20.6,35.5,17.4,51.7,2
23,24.9,39.8,25.3,48.8,0
25,24.9,39.8,25.3,48.8,0
26,24.9,39.8,25.3,48.8,0
0,24,38.9,24.4,48.6,2
1,24,38.9,24.4,48.6,2
2,24,38.9,24.4,48.6,2
3,24,38.9,24.4,48.6,2
4,24,38.9,24.4,48.6,2
5,24,38.9,24.4,48.6,2
6,24,38.9,24.4,48.6,2
7,24,38.9,24.4,48.6,2
8,24,38.9,24.4,48.6,2
9,24,38.9,24.4,48.6,2
10,24,38.9,24.4,48.6,2
11,24,38.9,24.4,48.6,2
12,24,38.9,24.4,48.6,2
13,24,38.9,24.4,48.6,2
14,24,38.9,24.4,48.6,2
15,24,38.9,24.4,48.6,2
16,24,38.9,24.4,48.6,2
17,24,38.9,24.4,48.6,2
18,24,38.9,24.4,48.6,2
19,24,38.9,24.4,48.6,2
20,24,38.9,24.4,48.6,2
21,24,38.9,24.4,48.6,2
22,24,38.9,24.4,48.6,2
23,24,38.9,24.4,48.6,2
24,24,38.9,24.4,48.6,2
25,24,38.9,24.4,48.6,2
26,24,38.9,24.4,48.6,2
19,18,32.8,18.3,54.2,0
20,18,32.8,18.3,54.2,0
21,18,32.8,18.3,54.2,0
23,18,32.8,18.3,54.2,0
24,18,32.8,18.3,54.2,0
25,18,32.8,18.3,54.2,0
26,18,32.8,18.3,54.2,0
21,21.1,35.9,21.4,52.7,3
24,21.1,35.9,21.4,52.7,3
25,21.1,35.9,21.4,52.7,3
15,18.8,33.6,19.1,52.4,2
17,18.8,33.6,19.1,52.4,2
18,18.8,33.6,19.1,52.4,2
19,18.8,33.6,19.1,52.4,2
20,18.8,33.6,19.1,52.4,2
21,18.8,33.6,19.1,52.4,2
22,18.8,33.6,19.1,52.4,2
23,18.8,33.6,19.1,52.4,2
24,18.8,33.6,19.1,52.4,2
26,18.8,33.6,19.1,52.4,2
0,24.3,39.2,18.6,51.5,2
1,24.3,39.2,18.6,51.5,2
2,24.3,39.2,18.6,51.5,2
3,24.3,39.2,18.6,51.5,2
4,24.3,39.2,18.6,51.5,2
5,24.3,39.2,18.6,51.5,2
6,24.3,39.2,18.6,51.5,2
7,24.3,39.2,18.6,51.5,2
8,24.3,39.2,18.6,51.5,2
9,24.3,39.2,18.6,51.5,2
10,24.3,39.2,18.6,51.5,2
11,24.3,39.2,18.6,51.5,2
12,24.3,39.2,18.6,51.5,2
13,24.3,39.2,18.6,51.5,2
14,24.3,39.2,18.6,51.5,2
15,24.3,39.2,18.6,51.5,2
16,24.3,39.2,18.6,51.5,2
17,24.3,39.2,18.6,51.5,2
18,24.3,39.2,18.6,51.5,2
19,24.3,39.2,18.6,51.5,2
20,24.3,39.2,18.6,51.5,2
21,24.3,39.2,18.6,51.5,2
22,24.3,39.2,18.6,51.5,2
23,24.3,39.2,18.6,51.5,2
24,24.3,39.2,18.6,51.5,2
25,24.3,39.2,18.6,51.5,2
26,24.3,39.2,18.6,51.5,2
0,24.6,39.5,24.9,48.8,0
1,24.6,39.5,24.9,48.8,0
2,24.6,39.5,24.9,48.8,0
3,24.6,39.5,24.9,48.8,0
4,24.6,39.5,24.9,48.8,0
5,24.6,39.5,24.9,48.8,0
6,24.6,39.5,24.9,48.8,0
7,24.6,39.5,24.9,48.8,0
8,24.6,39.5,24.9,48.8,0
9,24.6,39.5,24.9,48.8,0
10,24.6,39.5,24.9,48.8,0
11,24.6,39.5,24.9,48.8,0
12,24.6,39.5,24.9,48.8,0
13,24.6,39.5,24.9,48.8,0
14,24.6,39.5,24.9,48.8,0
15,24.6,39.5,24.9,48.8,0
16,24.6,39.5,24.9,48.8,0
17,24.6,39.5,24.9,48.8,0
18,24.6,39.5,24.9,48.8,0
19,24.6,39.5,24.9,48.8,0
20,24.6,39.5,24.9,48.8,0
21,24.6,39.5,24.9,48.8,0
22,24.6,39.5,24.9,48.8,0
23,24.6,39.5,24.9,48.8,0
24,24.6,39.5,24.9,48.8,0
25,24.6,39.5,24.9,48.8,0
26,24.6,39.5,24.9,48.8,0
10,18.7,33.6,19.1,54,0
11,18.7,33.6,19.1,54,0
12,18.7,33.6,19.1,54,0
13,18.7,33.6,19.1,54,0
14,18.7,33.6,19.1,54,0
15,18.7,33.6,19.1,54,0
16,18.7,33.6,19.1,54,0
17,18.7,33.6,19.1,54,0
18,18.7,33.6,19.1,54,0
19,18.7,33.6,19.1,54,0
20,18.7,33.6,19.1,54,0
21,18.7,33.6,19.1,54,0
22,18.7,33.6,19.1,54,0
23,18.7,33.6,19.1,54,0
24,18.7,33.6,19.1,54,0
25,18.7,33.6,19.1,54,0
26,18.7,33.6,19.1,54,0
20,33.2,52,31,43.1,2
21,33.2,52,31,43.1,2
22,33.2,52,31,43.1,2
23,33.2,52,31,43.1,2
24,33.2,52,31,43.1,2
25,33.2,52,31,43.1,2
26,33.2,52,31,43.1,2
0,19.3,34.1,19.6,52.2,0
1,19.3,34.1,19.6,52.2,0
2,19.3,34.1,19.6,52.2,0
3,19.3,34.1,19.6,52.2,0
4,19.3,34.1,19.6,52.2,0
5,19.3,34.1,19.6,52.2,0
7,19.3,34.1,19.6,52.2,0
8,19.3,34.1,19.6,52.2,0
9,19.3,34.1,19.6,52.2,0
10,19.3,34.1,19.6,52.2,0
11,19.3,34.1,19.6,52.2,0
12,19.3,34.1,19.6,52.2,0
13,19.3,34.1,19.6,52.2,0
14,19.3,34.1,19.6,52.2,0
15,19.3,34.1,19.6,52.2,0
16,19.3,34.1,19.6,52.2,0
17,19.3,34.1,19.6,52.2,0
18,19.3,34.1,19.6,52.2,0
19,19.3,34.1,19.6,52.2,0
20,19.3,34.1,19.6,52.2,0
21,19.3,34.1,19.6,52.2,0
22,19.3,34.1,19.6,52.2,0
23,19.3,34.1,19.6,52.2,0
24,19.3,34.1,19.6,52.2,0
25,19.3,34.1,19.6,52.2,0
26,19.3,34.1,19.6,52.2,0
23,26.3,41.2,20.5,54.6,0
24,26.3,41.2,20.5,54.6,0
25,26.3,41.2,20.5,54.6,0
26,26.3,41.2,20.5,54.6,0
9,25.9,40.8,26.3,47,0
10,25.9,40.8,26.3,47,0
11,25.9,40.8,26.3,47,0
12,25.9,40.8,26.3,47,0
13,25.9,40.8,26.3,47,0
14,25.9,40.8,26.3,47,0
15,25.9,40.8,26.3,47,0
16,25.9,40.8,26.3,47,0
18,25.9,40.8,26.3,47,0
19,25.9,40.8,26.3,47,0
20,25.9,40.8,26.3,47,0
21,25.9,40.8,26.3,47,0
22,25.9,40.8,26.3,47,0
24,25.9,40.8,26.3,47,0
25,25.9,40.8,26.3,47,0
26,25.9,40.8,26.3,47,0
0,23.4,38.3,23.7,50.4,0
1,23.4,38.3,23.7,50.4,0
2,23.4,38.3,23.7,50.4,0
3,23.4,38.3,23.7,50.4,0
4,23.4,38.3,23.7,50.4,0
5,23.4,38.3,23.7,50.4,0
6,23.4,38.3,23.7,50.4,0
7,23.4,38.3,23.7,50.4,0
8,23.4,38.3,23.7,50.4,0
9,23.4,38.3,23.7,50.4,0
10,23.4,38.3,23.7,50.4,0
11,23.4,38.3,23.7,50.4,0
12,23.4,38.3,23.7,50.4,0
13,23.4,38.3,23.7,50.4,0
14,23.4,38.3,23.7,50.4,0
15,23.4,38.3,23.7,50.4,0
16,23.4,38.3,23.7,50.4,0
17,23.4,38.3,23.7,50.4,0
18,23.4,38.3,23.7,50.4,0
19,23.4,38.3,23.7,50.4,0
20,23.4,38.3,23.7,50.4,0
21,23.4,38.3,23.7,50.4,0
22,23.4,38.3,23.7,50.4,0
23,23.4,38.3,23.7,50.4,0
24,23.4,38.3,23.7,50.4,0
25,23.4,38.3,23.7,50.4,0
26,23.4,38.3,23.7,50.4,0
0,22.9,37.8,23.3,51.2,0
1,22.9,37.8,23.3,51.2,0
2,22.9,37.8,23.3,51.2,0
3,22.9,37.8,23.3,51.2,0
4,22.9,37.8,23.3,51.2,0
5,22.9,37.8,23.3,51.2,0
6,22.9,37.8,23.3,51.2,0
7,22.9,37.8,23.3,51.2,0
8,22.9,37.8,23.3,51.2,0
9,22.9,37.8,23.3,51.2,0
10,22.9,37.8,23.3,51.2,0
11,22.9,37.8,23.3,51.2,0
12,22.9,37.8,23.3,51.2,0
13,22.9,37.8,23.3,51.2,0
14,22.9,37.8,23.3,51.2,0
15,22.9,37.8,23.3,51.2,0
16,22.9,37.8,23.3,51.2,0
17,22.9,37.8,23.3,51.2,0
18,22.9,37.8,23.3,51.2,0
19,22.9,37.8,23.3,51.2,0
20,22.9,37.8,23.3,51.2,0
21,22.9,37.8,23.3,51.2,0
22,22.9,37.8,23.3,51.2,0
23,22.9,37.8,23.3,51.2,0
24,22.9,37.8,23.3,51.2,0
25,22.9,37.8,23.3,51.2,0
26,22.9,37.8,23.3,51.2,0
20,9,27.7,26.6,43.4,0
21,9,27.7,26.6,43.4,0
22,9,27.7,26.6,43.4,0
23,9,27.7,26.6,43.4,0
21,21,35.9,21.4,51.6,0
22,21,35.9,21.4,51.6,0
23,21,35.9,21.4,51.6,0
24,21,35.9,21.4,51.6,0
25,21,35.9,21.4,51.6,0
26,21,35.9,21.4,51.6,0
21,22.1,37,22.5,51.6,0
22,22.1,37,22.5,51.6,0
23,22.1,37,22.5,51.6,0
24,22.1,37,22.5,51.6,0
25,22.1,37,22.5,51.6,0
26,22.1,37,22.5,51.6,0
0,19.9,34.8,20.2,54.4,0
1,19.9,34.8,20.2,54.4,0
2,19.9,34.8,20.2,54.4,0
3,19.9,34.8,20.2,54.4,0
4,19.9,34.8,20.2,54.4,0
5,19.9,34.8,20.2,54.4,0
6,19.9,34.8,20.2,54.4,0
7,19.9,34.8,20.2,54.4,0
8,19.9,34.8,20.2,54.4,0
9,19.9,34.8,20.2,54.4,0
10,19.9,34.8,20.2,54.4,0
11,19.9,34.8,20.2,54.4,0
12,19.9,34.8,20.2,54.4,0
13,19.9,34.8,20.2,54.4,0
14,19.9,34.8,20.2,54.4,0
15,19.9,34.8,20.2,54.4,0
16,19.9,34.8,20.2,54.4,0
17,19.9,34.8,20.2,54.4,0
18,19.9,34.8,20.2,54.4,0
19,19.9,34.8,20.2,54.4,0
21,19.9,34.8,20.2,54.4,0
22,19.9,34.8,20.2,54.4,0
23,19.9,34.8,20.2,54.4,0
24,19.9,34.8,20.2,54.4,0
25,19.9,34.8,20.2,54.4,0
0,20,34.8,18.5,56.2,2
1,20,34.8,18.5,56.2,2
2,20,34.8,18.5,56.2,2
3,20,34.8,18.5,56.2,2
4,20,34.8,18.5,56.2,2
5,20,34.8,18.5,56.2,2
6,20,34.8,18.5,56.2,2
7,20,34.8,18.5,56.2,2
8,20,34.8,18.5,56.2,2
9,20,34.8,18.5,56.2,2
10,20,34.8,18.5,56.2,2
11,20,34.8,18.5,56.2,2
12,20,34.8,18.5,56.2,2
13,20,34.8,18.5,56.2,2
14,20,34.8,18.5,56.2,2
15,20,34.8,18.5,56.2,2
16,20,34.8,18.5,56.2,2
17,20,34.8,18.5,56.2,2
18,20,34.8,18.5,56.2,2
19,20,34.8,18.5,56.2,2
20,20,34.8,18.5,56.2,2
21,20,34.8,18.5,56.2,2
22,20,34.8,18.5,56.2,2
23,20,34.8,18.5,56.2,2
24,20,34.8,18.5,56.2,2
25,20,34.8,18.5,56.2,2
26,20,34.8,18.5,56.2,2
0,25.4,40.3,20.4,51.8,3
1,25.4,40.3,20.4,51.8,3
2,25.4,40.3,20.4,51.8,3
3,25.4,40.3,20.4,51.8,3
4,25.4,40.3,20.4,51.8,3
5,25.4,40.3,20.4,51.8,3
6,25.4,40.3,20.4,51.8,3
7,25.4,40.3,20.4,51.8,3
8,25.4,40.3,20.4,51.8,3
9,25.4,40.3,20.4,51.8,3
10,25.4,40.3,20.4,51.8,3
11,25.4,40.3,20.4,51.8,3
12,25.4,40.3,20.4,51.8,3
13,25.4,40.3,20.4,51.8,3
14,25.4,40.3,20.4,51.8,3
15,25.4,40.3,20.4,51.8,3
16,25.4,40.3,20.4,51.8,3
17,25.4,40.3,20.4,51.8,3
18,25.4,40.3,20.4,51.8,3
19,25.4,40.3,20.4,51.8,3
20,25.4,40.3,20.4,51.8,3
21,25.4,40.3,20.4,51.8,3
22,25.4,40.3,20.4,51.8,3
23,25.4,40.3,20.4,51.8,3
24,25.4,40.3,20.4,51.8,3
25,25.4,40.3,20.4,51.8,3
26,25.4,40.3,20.4,51.8,3
0,21.2,36.1,21.6,51.8,1
1,21.2,36.1,21.6,51.8,1
2,21.2,36.1,21.6,51.8,1
8,21.2,36.1,21.6,51.8,1
9,21.2,36.1,21.6,51.8,1
10,21.2,36.1,21.6,51.8,1
11,21.2,36.1,21.6,51.8,1
12,21.2,36.1,21.6,51.8,1
13,21.2,36.1,21.6,51.8,1
14,21.2,36.1,21.6,51.8,1
15,21.2,36.1,21.6,51.8,1
16,21.2,36.1,21.6,51.8,1
17,21.2,36.1,21.6,51.8,1
18,21.2,36.1,21.6,51.8,1
19,21.2,36.1,21.6,51.8,1
20,21.2,36.1,21.6,51.8,1
21,21.2,36.1,21.6,51.8,1
22,21.2,36.1,21.6,51.8,1
23,21.2,36.1,21.6,51.8,1
24,21.2,36.1,21.6,51.8,1
25,21.2,36.1,21.6,51.8,1
26,21.2,36.1,21.6,51.8,1
0,25.2,1.8,22.3,49,1
1,25.2,1.8,22.3,49,1
2,25.2,1.8,22.3,49,1
3,25.2,1.8,22.3,49,1
4,25.2,1.8,22.3,49,1
5,25.2,1.8,22.3,49,1
6,25.2,1.8,22.3,49,1
7,25.2,1.8,22.3,49,1
8,25.2,1.8,22.3,49,1
9,25.2,1.8,22.3,49,1
10,25.2,1.8,22.3,49,1
11,25.2,1.8,22.3,49,1
12,25.2,1.8,22.3,49,1
13,25.2,1.8,22.3,49,1
14,25.2,1.8,22.3,49,1
15,25.2,1.8,22.3,49,1
16,25.2,1.8,22.3,49,1
17,25.2,1.8,22.3,49,1
18,25.2,1.8,22.3,49,1
19,25.2,1.8,22.3,49,1
20,25.2,1.8,22.3,49,1
21,25.2,1.8,22.3,49,1
22,25.2,1.8,22.3,49,1
23,25.2,1.8,22.3,49,1
24,25.2,1.8,22.3,49,1
25,25.2,1.8,22.3,49,1
26,25.2,1.8,22.3,49,1
0,22.6,3.6,17.6,50.9,2
1,22.6,3.6,17.6,50.9,2
20,22.6,3.6,17.6,50.9,2
21,22.6,3.6,17.6,50.9,2
22,22.6,3.6,17.6,50.9,2
23,22.6,3.6,17.6,50.9,2
24,22.6,3.6,17.6,50.9,2
25,22.6,3.6,17.6,50.9,2
26,22.6,3.6,17.6,50.9,2
6,37.3,44,29.5,47.1,0
7,37.3,44,29.5,47.1,0
8,37.3,44,29.5,47.1,0
9,37.3,44,29.5,47.1,0
10,37.3,44,29.5,47.1,0
11,37.3,44,29.5,47.1,0
12,37.3,44,29.5,47.1,0
13,37.3,44,29.5,47.1,0
14,37.3,44,29.5,47.1,0
15,37.3,44,29.5,47.1,0
16,37.3,44,29.5,47.1,0
17,37.3,44,29.5,47.1,0
18,37.3,44,29.5,47.1,0
19,37.3,44,29.5,47.1,0
20,37.3,44,29.5,47.1,0
21,37.3,44,29.5,47.1,0
22,37.3,44,29.5,47.1,0
23,37.3,44,29.5,47.1,0
24,37.3,44,29.5,47.1,0
25,37.3,44,29.5,47.1,0
26,37.3,44,29.5,47.1,0
15,19.3,34.1,19.6,53.9,0
16,19.3,34.1,19.6,53.9,0
17,19.3,34.1,19.6,53.9,0
18,19.3,34.1,19.6,53.9,0
19,19.3,34.1,19.6,53.9,0
21,19.3,34.1,19.6,53.9,0
24,19.3,34.1,19.6,53.9,0
25,19.3,34.1,19.6,53.9,0
26,19.3,34.1,19.6,53.9,0
2,6,24.8,28.2,60.1,1
3,6,24.8,28.2,60.1,1
4,6,24.8,28.2,60.1,1
5,6,24.8,28.2,60.1,1
6,6,24.8,28.2,60.1,1
7,6,24.8,28.2,60.1,1
8,6,24.8,28.2,60.1,1
9,6,24.8,28.2,60.1,1
10,6,24.8,28.2,60.1,1
11,6,24.8,28.2,60.1,1
12,6,24.8,28.2,60.1,1
13,6,24.8,28.2,60.1,1
14,6,24.8,28.2,60.1,1
15,6,24.8,28.2,60.1,1
16,6,24.8,28.2,60.1,1
17,6,24.8,28.2,60.1,1
18,6,24.8,28.2,60.1,1
19,6,24.8,28.2,60.1,1
20,6,24.8,28.2,60.1,1
21,6,24.8,28.2,60.1,1
22,6,24.8,28.2,60.1,1
23,6,24.8,28.2,60.1,1
24,6,24.8,28.2,60.1,1
26,6,24.8,28.2,60.1,1
4,6.6,25.4,28.8,60.7,1
5,6.6,25.4,28.8,60.7,1
6,6.6,25.4,28.8,60.7,1
7,6.6,25.4,28.8,60.7,1
8,6.6,25.4,28.8,60.7,1
9,6.6,25.4,28.8,60.7,1
10,6.6,25.4,28.8,60.7,1
11,6.6,25.4,28.8,60.7,1
12,6.6,25.4,28.8,60.7,1
13,6.6,25.4,28.8,60.7,1
14,6.6,25.4,28.8,60.7,1
15,6.6,25.4,28.8,60.7,1
16,6.6,25.4,28.8,60.7,1
17,6.6,25.4,28.8,60.7,1
18,6.6,25.4,28.8,60.7,1
19,6.6,25.4,28.8,60.7,1
20,6.6,25.4,28.8,60.7,1
21,6.6,25.4,28.8,60.7,1
22,6.6,25.4,28.8,60.7,1
23,6.6,25.4,28.8,60.7,1
24,6.6,25.4,28.8,60.7,1
25,6.6,25.4,28.8,60.7,1
26,6.6,25.4,28.8,60.7,1
20,12.4,31.2,30,54.7,1
22,12.4,31.2,30,54.7,1
23,12.4,31.2,30,54.7,1
24,12.4,31.2,30,54.7,1
25,12.4,31.2,30,54.7,1
20,13.9,32.7,36.1,48.3,3
21,13.9,32.7,36.1,48.3,3
22,13.9,32.7,36.1,48.3,3
23,13.9,32.7,36.1,48.3,3
24,13.9,32.7,36.1,48.3,3
25,13.9,32.7,36.1,48.3,3
26,13.9,32.7,36.1,48.3,3
23,4.9,25.2,27.2,56.1,0
24,4.9,25.2,27.2,56.1,0
26,4.9,25.2,27.2,56.1,0
0,2,22.9,20.7,57.9,2
1,2,22.9,20.7,57.9,2
2,2,22.9,20.7,57.9,2
3,2,22.9,20.7,57.9,2
4,2,22.9,20.7,57.9,2
5,2,22.9,20.7,57.9,2
6,2,22.9,20.7,57.9,2
7,2,22.9,20.7,57.9,2
8,2,22.9,20.7,57.9,2
9,2,22.9,20.7,57.9,2
10,2,22.9,20.7,57.9,2
11,2,22.9,20.7,57.9,2
12,2,22.9,20.7,57.9,2
13,2,22.9,20.7,57.9,2
14,2,22.9,20.7,57.9,2
15,2,22.9,20.7,57.9,2
16,2,22.9,20.7,57.9,2
17,2,22.9,20.7,57.9,2
18,2,22.9,20.7,57.9,2
19,2,22.9,20.7,57.9,2
20,2,22.9,20.7,57.9,2
21,2,22.9,20.7,57.9,2
22,2,22.9,20.7,57.9,2
23,2,22.9,20.7,57.9,2
24,2,22.9,20.7,57.9,2
25,2,22.9,20.7,57.9,2
26,2,22.9,20.7,57.9,2
0,2,22.9,20.7,57.9,4
1,2,22.9,20.7,57.9,4
2,2,22.9,20.7,57.9,4
3,2,22.9,20.7,57.9,4
4,2,22.9,20.7,57.9,4
5,2,22.9,20.7,57.9,4
6,2,22.9,20.7,57.9,4
7,2,22.9,20.7,57.9,4
8,2,22.9,20.7,57.9,4
9,2,22.9,20.7,57.9,4
10,2,22.9,20.7,57.9,4
11,2,22.9,20.7,57.9,4
12,2,22.9,20.7,57.9,4
13,2,22.9,20.7,57.9,4
14,2,22.9,20.7,57.9,4
15,2,22.9,20.7,57.9,4
16,2,22.9,20.7,57.9,4
17,2,22.9,20.7,57.9,4
18,2,22.9,20.7,57.9,4
19,2,22.9,20.7,57.9,4
20,2,22.9,20.7,57.9,4
21,2,22.9,20.7,57.9,4
22,2,22.9,20.7,57.9,4
23,2,22.9,20.7,57.9,4
24,2,22.9,20.7,57.9,4
25,2,22.9,20.7,57.9,4
26,2,22.9,20.7,57.9,4
20,14,32.8,36.2,44.8,3
21,14,32.8,36.2,44.8,3
22,14,32.8,36.2,44.8,3
23,14,32.8,36.2,44.8,3
24,14,32.8,36.2,44.8,3
25,14,32.8,36.2,44.8,3
26,14,32.8,36.2,44.8,3
20,11.5,9.9,26.2,47.8,0
21,11.5,9.9,26.2,47.8,0
22,11.5,9.9,26.2,47.8,0
23,11.5,9.9,26.2,47.8,0
24,11.5,9.9,26.2,47.8,0
25,11.5,9.9,26.2,47.8,0
26,11.5,9.9,26.2,47.8,0
0,15.3,34.1,37.6,44.5,5
1,15.3,34.1,37.6,44.5,5
2,15.3,34.1,37.6,44.5,5
3,15.3,34.1,37.6,44.5,5
4,15.3,34.1,37.6,44.5,5
5,15.3,34.1,37.6,44.5,5
6,15.3,34.1,37.6,44.5,5
7,15.3,34.1,37.6,44.5,5
8,15.3,34.1,37.6,44.5,5
9,15.3,34.1,37.6,44.5,5
10,15.3,34.1,37.6,44.5,5
11,15.3,34.1,37.6,44.5,5
12,15.3,34.1,37.6,44.5,5
13,15.3,34.1,37.6,44.5,5
14,15.3,34.1,37.6,44.5,5
15,15.3,34.1,37.6,44.5,5
16,15.3,34.1,37.6,44.5,5
17,15.3,34.1,37.6,44.5,5
18,15.3,34.1,37.6,44.5,5
19,15.3,34.1,37.6,44.5,5
20,15.3,34.1,37.6,44.5,5
21,15.3,34.1,37.6,44.5,5
22,15.3,34.1,37.6,44.5,5
23,15.3,34.1,37.6,44.5,5
24,15.3,34.1,37.6,44.5,5
26,15.3,34.1,37.6,44.5,5
0,20.2,39,42.4,44.2,7
1,20.2,39,42.4,44.2,7
2,20.2,39,42.4,44.2,7
3,20.2,39,42.4,44.2,7
4,20.2,39,42.4,44.2,7
5,20.2,39,42.4,44.2,7
6,20.2,39,42.4,44.2,7
7,20.2,39,42.4,44.2,7
8,20.2,39,42.4,44.2,7
9,20.2,39,42.4,44.2,7
10,20.2,39,42.4,44.2,7
11,20.2,39,42.4,44.2,7
12,20.2,39,42.4,44.2,7
13,20.2,39,42.4,44.2,7
14,20.2,39,42.4,44.2,7
15,20.2,39,42.4,44.2,7
16,20.2,39,42.4,44.2,7
17,20.2,39,42.4,44.2,7
18,20.2,39,42.4,44.2,7
19,20.2,39,42.4,44.2,7
20,20.2,39,42.4,44.2,7
21,20.2,39,42.4,44.2,7
22,20.2,39,42.4,44.2,7
23,20.2,39,42.4,44.2,7
24,20.2,39,42.4,44.2,7
25,20.2,39,42.4,44.2,7
26,20.2,39,42.4,44.2,7
15,2.4,21.2,24.7,56.9,0
16,2.4,21.2,24.7,56.9,0
17,2.4,21.2,24.7,56.9,0
18,2.4,21.2,24.7,56.9,0
20,2.4,21.2,24.7,56.9,0
21,2.4,21.2,24.7,56.9,0
22,2.4,21.2,24.7,56.9,0
25,2.4,21.2,24.7,56.9,0
26,2.4,21.2,24.7,56.9,0
1,18.1,36.8,39.3,49.6,0
2,18.1,36.8,39.3,49.6,0
3,18.1,36.8,39.3,49.6,0
4,18.1,36.8,39.3,49.6,0
5,18.1,36.8,39.3,49.6,0
6,18.1,36.8,39.3,49.6,0
7,18.1,36.8,39.3,49.6,0
8,18.1,36.8,39.3,49.6,0
9,18.1,36.8,39.3,49.6,0
10,18.1,36.8,39.3,49.6,0
11,18.1,36.8,39.3,49.6,0
12,18.1,36.8,39.3,49.6,0
13,18.1,36.8,39.3,49.6,0
14,18.1,36.8,39.3,49.6,0
15,18.1,36.8,39.3,49.6,0
16,18.1,36.8,39.3,49.6,0
17,18.1,36.8,39.3,49.6,0
18,18.1,36.8,39.3,49.6,0
19,18.1,36.8,39.3,49.6,0
20,18.1,36.8,39.3,49.6,0
21,18.1,36.8,39.3,49.6,0
22,18.1,36.8,39.3,49.6,0
23,18.1,36.8,39.3,49.6,0
24,18.1,36.8,39.3,49.6,0
25,18.1,36.8,39.3,49.6,0
26,18.1,36.8,39.3,49.6,0
4,11.6,30.4,33.8,52.8,2
5,11.6,30.4,33.8,52.8,2
6,11.6,30.4,33.8,52.8,2
7,11.6,30.4,33.8,52.8,2
10,11.6,30.4,33.8,52.8,2
14,11.6,30.4,33.8,52.8,2
15,11.6,30.4,33.8,52.8,2
16,11.6,30.4,33.8,52.8,2
17,11.6,30.4,33.8,52.8,2
18,11.6,30.4,33.8,52.8,2
19,11.6,30.4,33.8,52.8,2
20,11.6,30.4,33.8,52.8,2
21,11.6,30.4,33.8,52.8,2
22,11.6,30.4,33.8,52.8,2
23,11.6,30.4,33.8,52.8,2
24,11.6,30.4,33.8,52.8,2
25,11.6,30.4,33.8,52.8,2
26,11.6,30.4,33.8,52.8,2
23,16.2,35,38.4,47.8,3
24,16.2,35,38.4,47.8,3
25,16.2,35,38.4,47.8,3
26,16.2,35,38.4,47.8,3
0,20.9,39.6,43.1,41.9,1
1,20.9,39.6,43.1,41.9,1
2,20.9,39.6,43.1,41.9,1
3,20.9,39.6,43.1,41.9,1
4,20.9,39.6,43.1,41.9,1
5,20.9,39.6,43.1,41.9,1
6,20.9,39.6,43.1,41.9,1
7,20.9,39.6,43.1,41.9,1
8,20.9,39.6,43.1,41.9,1
9,20.9,39.6,43.1,41.9,1
10,20.9,39.6,43.1,41.9,1
11,20.9,39.6,43.1,41.9,1
12,20.9,39.6,43.1,41.9,1
13,20.9,39.6,43.1,41.9,1
14,20.9,39.6,43.1,41.9,1
15,20.9,39.6,43.1,41.9,1
16,20.9,39.6,43.1,41.9,1
17,20.9,39.6,43.1,41.9,1
18,20.9,39.6,43.1,41.9,1
19,20.9,39.6,43.1,41.9,1
20,20.9,39.6,43.1,41.9,1
21,20.9,39.6,43.1,41.9,1
22,20.9,39.6,43.1,41.9,1
23,20.9,39.6,43.1,41.9,1
24,20.9,39.6,43.1,41.9,1
25,20.9,39.6,43.1,41.9,1
26,20.9,39.6,43.1,41.9,1
16,19.1,37.9,41.3,40.1,1
17,19.1,37.9,41.3,40.1,1
18,19.1,37.9,41.3,40.1,1
19,19.1,37.9,41.3,40.1,1
20,19.1,37.9,41.3,40.1,1
21,19.1,37.9,41.3,40.1,1
22,19.1,37.9,41.3,40.1,1
23,19.1,37.9,41.3,40.1,1
24,19.1,37.9,41.3,40.1,1
25,19.1,37.9,41.3,40.1,1
26,19.1,37.9,41.3,40.1,1
17,20.7,39.5,42.9,41.7,0
18,20.7,39.5,42.9,41.7,0
19,20.7,39.5,42.9,41.7,0
20,20.7,39.5,42.9,41.7,0
21,20.7,39.5,42.9,41.7,0
22,20.7,39.5,42.9,41.7,0
23,20.7,39.5,42.9,41.7,0
24,20.7,39.5,42.9,41.7,0
25,20.7,39.5,42.9,41.7,0
26,20.7,39.5,42.9,41.7,0
4,14,32.8,36.2,50.6,1
5,14,32.8,36.2,50.6,1
6,14,32.8,36.2,50.6,1
9,14,32.8,36.2,50.6,1
11,14,32.8,36.2,50.6,1
14,14,32.8,36.2,50.6,1
15,14,32.8,36.2,50.6,1
16,14,32.8,36.2,50.6,1
17,14,32.8,36.2,50.6,1
18,14,32.8,36.2,50.6,1
19,14,32.8,36.2,50.6,1
20,14,32.8,36.2,50.6,1
21,14,32.8,36.2,50.6,1
22,14,32.8,36.2,50.6,1
23,14,32.8,36.2,50.6,1
24,14,32.8,36.2,50.6,1
25,14,32.8,36.2,50.6,1
26,14,32.8,36.2,50.6,1
13,10.6,29.4,32.8,51.5,1
14,10.6,29.4,32.8,51.5,1
15,10.6,29.4,32.8,51.5,1
16,10.6,29.4,32.8,51.5,1
17,10.6,29.4,32.8,51.5,1
18,10.6,29.4,32.8,51.5,1
19,10.6,29.4,32.8,51.5,1
20,10.6,29.4,32.8,51.5,1
21,10.6,29.4,32.8,51.5,1
22,10.6,29.4,32.8,51.5,1
23,10.6,29.4,32.8,51.5,1
24,10.6,29.4,32.8,51.5,1
25,10.6,29.4,32.8,51.5,1
26,10.6,29.4,32.8,51.5,1
4,10.4,29.1,32.6,50.9,0
5,10.4,29.1,32.6,50.9,0
6,10.4,29.1,32.6,50.9,0
7,10.4,29.1,32.6,50.9,0
8,10.4,29.1,32.6,50.9,0
9,10.4,29.1,32.6,50.9,0
13,10.4,29.1,32.6,50.9,0
14,10.4,29.1,32.6,50.9,0
15,10.4,29.1,32.6,50.9,0
16,10.4,29.1,32.6,50.9,0
17,10.4,29.1,32.6,50.9,0
18,10.4,29.1,32.6,50.9,0
19,10.4,29.1,32.6,50.9,0
20,10.4,29.1,32.6,50.9,0
21,10.4,29.1,32.6,50.9,0
22,10.4,29.1,32.6,50.9,0
23,10.4,29.1,32.6,50.9,0
24,10.4,29.1,32.6,50.9,0
25,10.4,29.1,32.6,50.9,0
26,10.4,29.1,32.6,50.9,0
22,39.7,58.5,60.3,56.2,1
23,39.7,58.5,60.3,56.2,1
24,39.7,58.5,60.3,56.2,1
25,39.7,58.5,60.3,56.2,1
0,10.1,28.9,32,52.5,4
1,10.1,28.9,32,52.5,4
2,10.1,28.9,32,52.5,4
3,10.1,28.9,32,52.5,4
4,10.1,28.9,32,52.5,4
5,10.1,28.9,32,52.5,4
6,10.1,28.9,32,52.5,4
7,10.1,28.9,32,52.5,4
8,10.1,28.9,32,52.5,4
9,10.1,28.9,32,52.5,4
10,10.1,28.9,32,52.5,4
11,10.1,28.9,32,52.5,4
12,10.1,28.9,32,52.5,4
13,10.1,28.9,32,52.5,4
14,10.1,28.9,32,52.5,4
15,10.1,28.9,32,52.5,4
16,10.1,28.9,32,52.5,4
17,10.1,28.9,32,52.5,4
18,10.1,28.9,32,52.5,4
19,10.1,28.9,32,52.5,4
20,10.1,28.9,32,52.5,4
21,10.1,28.9,32,52.5,4
22,10.1,28.9,32,52.5,4
23,10.1,28.9,32,52.5,4
24,10.1,28.9,32,52.5,4
25,10.1,28.9,32,52.5,4
26,10.1,28.9,32,52.5,4
0,10.1,28.9,32,52.7,2
1,10.1,28.9,32,52.7,2
2,10.1,28.9,32,52.7,2
3,10.1,28.9,32,52.7,2
4,10.1,28.9,32,52.7,2
5,10.1,28.9,32,52.7,2
6,10.1,28.9,32,52.7,2
7,10.1,28.9,32,52.7,2
8,10.1,28.9,32,52.7,2
9,10.1,28.9,32,52.7,2
10,10.1,28.9,32,52.7,2
11,10.1,28.9,32,52.7,2
12,10.1,28.9,32,52.7,2
13,10.1,28.9,32,52.7,2
14,10.1,28.9,32,52.7,2
15,10.1,28.9,32,52.7,2
16,10.1,28.9,32,52.7,2
17,10.1,28.9,32,52.7,2
18,10.1,28.9,32,52.7,2
19,10.1,28.9,32,52.7,2
20,10.1,28.9,32,52.7,2
21,10.1,28.9,32,52.7,2
22,10.1,28.9,32,52.7,2
23,10.1,28.9,32,52.7,2
24,10.1,28.9,32,52.7,2
25,10.1,28.9,32,52.7,2
26,10.1,28.9,32,52.7,2
3,20.7,39.5,43,43.7,0
4,20.7,39.5,43,43.7,0
5,20.7,39.5,43,43.7,0
6,20.7,39.5,43,43.7,0
7,20.7,39.5,43,43.7,0
8,20.7,39.5,43,43.7,0
9,20.7,39.5,43,43.7,0
10,20.7,39.5,43,43.7,0
11,20.7,39.5,43,43.7,0
12,20.7,39.5,43,43.7,0
13,20.7,39.5,43,43.7,0
14,20.7,39.5,43,43.7,0
15,20.7,39.5,43,43.7,0
16,20.7,39.5,43,43.7,0
17,20.7,39.5,43,43.7,0
18,20.7,39.5,43,43.7,0
19,20.7,39.5,43,43.7,0
20,20.7,39.5,43,43.7,0
21,20.7,39.5,43,43.7,0
22,20.7,39.5,43,43.7,0
23,20.7,39.5,43,43.7,0
24,20.7,39.5,43,43.7,0
25,20.7,39.5,43,43.7,0
26,20.7,39.5,43,43.7,0
4,16.2,35,38.4,50.2,0
5,16.2,35,38.4,50.2,0
6,16.2,35,38.4,50.2,0
9,16.2,35,38.4,50.2,0
13,16.2,35,38.4,50.2,0
14,16.2,35,38.4,50.2,0
15,16.2,35,38.4,50.2,0
16,16.2,35,38.4,50.2,0
17,16.2,35,38.4,50.2,0
18,16.2,35,38.4,50.2,0
19,16.2,35,38.4,50.2,0
20,16.2,35,38.4,50.2,0
21,16.2,35,38.4,50.2,0
22,16.2,35,38.4,50.2,0
23,16.2,35,38.4,50.2,0
24,16.2,35,38.4,50.2,0
25,16.2,35,38.4,50.2,0
26,16.2,35,38.4,50.2,0
22,9.1,27.9,31.3,54.1,1
24,9.1,27.9,31.3,54.1,1
25,9.1,27.9,31.3,54.1,1
26,9.1,27.9,31.3,54.1,1
14,3.2,22,25.4,57.4,1
16,3.2,22,25.4,57.4,1
17,3.2,22,25.4,57.4,1
18,3.2,22,25.4,57.4,1
22,3.2,22,25.4,57.4,1
24,3.2,22,25.4,57.4,1
25,3.2,22,25.4,57.4,1
10,4.8,23.6,27,54,1
11,4.8,23.6,27,54,1
12,4.8,23.6,27,54,1
14,4.8,23.6,27,54,1
16,4.8,23.6,27,54,1
18,4.8,23.6,27,54,1
19,4.8,23.6,27,54,1
20,4.8,23.6,27,54,1
21,4.8,23.6,27,54,1
22,4.8,23.6,27,54,1
23,4.8,23.6,27,54,1
24,4.8,23.6,27,54,1
25,4.8,23.6,27,54,1
26,4.8,23.6,27,54,1
1,6.9,25.6,29.1,54.8,3
4,6.9,25.6,29.1,54.8,3
5,6.9,25.6,29.1,54.8,3
6,6.9,25.6,29.1,54.8,3
7,6.9,25.6,29.1,54.8,3
8,6.9,25.6,29.1,54.8,3
9,6.9,25.6,29.1,54.8,3
10,6.9,25.6,29.1,54.8,3
11,6.9,25.6,29.1,54.8,3
12,6.9,25.6,29.1,54.8,3
13,6.9,25.6,29.1,54.8,3
14,6.9,25.6,29.1,54.8,3
15,6.9,25.6,29.1,54.8,3
16,6.9,25.6,29.1,54.8,3
17,6.9,25.6,29.1,54.8,3
18,6.9,25.6,29.1,54.8,3
19,6.9,25.6,29.1,54.8,3
21,6.9,25.6,29.1,54.8,3
24,6.9,25.6,29.1,54.8,3
25,6.9,25.6,29.1,54.8,3
19,5.8,29.5,24.2,58.8,3
20,5.8,29.5,24.2,58.8,3
22,5.8,29.5,24.2,58.8,3
23,5.8,29.5,24.2,58.8,3
24,5.8,29.5,24.2,58.8,3
26,5.8,29.5,24.2,58.8,3
20,14.2,33,36.4,50.1,0
21,14.2,33,36.4,50.1,0
22,14.2,33,36.4,50.1,0
23,14.2,33,36.4,50.1,0
24,14.2,33,36.4,50.1,0
25,14.2,33,36.4,50.1,0
26,14.2,33,36.4,50.1,0
22,21,39.8,43.3,42.1,0
23,21,39.8,43.3,42.1,0
24,21,39.8,43.3,42.1,0
25,21,39.8,43.3,42.1,0
26,21,39.8,43.3,42.1,0
0,14.5,33.3,36.7,45.4,4
1,14.5,33.3,36.7,45.4,4
2,14.5,33.3,36.7,45.4,4
3,14.5,33.3,36.7,45.4,4
4,14.5,33.3,36.7,45.4,4
5,14.5,33.3,36.7,45.4,4
6,14.5,33.3,36.7,45.4,4
7,14.5,33.3,36.7,45.4,4
8,14.5,33.3,36.7,45.4,4
9,14.5,33.3,36.7,45.4,4
10,14.5,33.3,36.7,45.4,4
11,14.5,33.3,36.7,45.4,4
12,14.5,33.3,36.7,45.4,4
13,14.5,33.3,36.7,45.4,4
14,14.5,33.3,36.7,45.4,4
15,14.5,33.3,36.7,45.4,4
16,14.5,33.3,36.7,45.4,4
17,14.5,33.3,36.7,45.4,4
18,14.5,33.3,36.7,45.4,4
19,14.5,33.3,36.7,45.4,4
20,14.5,33.3,36.7,45.4,4
21,14.5,33.3,36.7,45.4,4
22,14.5,33.3,36.7,45.4,4
23,14.5,33.3,36.7,45.4,4
24,14.5,33.3,36.7,45.4,4
25,14.5,33.3,36.7,45.4,4
26,14.5,33.3,36.7,45.4,4
0,15,33.8,37.2,49.2,2
1,15,33.8,37.2,49.2,2
2,15,33.8,37.2,49.2,2
3,15,33.8,37.2,49.2,2
4,15,33.8,37.2,49.2,2
5,15,33.8,37.2,49.2,2
6,15,33.8,37.2,49.2,2
7,15,33.8,37.2,49.2,2
8,15,33.8,37.2,49.2,2
9,15,33.8,37.2,49.2,2
10,15,33.8,37.2,49.2,2
11,15,33.8,37.2,49.2,2
12,15,33.8,37.2,49.2,2
13,15,33.8,37.2,49.2,2
14,15,33.8,37.2,49.2,2
15,15,33.8,37.2,49.2,2
16,15,33.8,37.2,49.2,2
17,15,33.8,37.2,49.2,2
18,15,33.8,37.2,49.2,2
19,15,33.8,37.2,49.2,2
20,15,33.8,37.2,49.2,2
21,15,33.8,37.2,49.2,2
22,15,33.8,37.2,49.2,2
23,15,33.8,37.2,49.2,2
24,15,33.8,37.2,49.2,2
25,15,33.8,37.2,49.2,2
26,15,33.8,37.2,49.2,2
1,9.2,28,31.4,57.2,1
2,9.2,28,31.4,57.2,1
3,9.2,28,31.4,57.2,1
4,9.2,28,31.4,57.2,1
5,9.2,28,31.4,57.2,1
6,9.2,28,31.4,57.2,1
7,9.2,28,31.4,57.2,1
8,9.2,28,31.4,57.2,1
9,9.2,28,31.4,57.2,1
10,9.2,28,31.4,57.2,1
11,9.2,28,31.4,57.2,1
12,9.2,28,31.4,57.2,1
13,9.2,28,31.4,57.2,1
14,9.2,28,31.4,57.2,1
15,9.2,28,31.4,57.2,1
16,9.2,28,31.4,57.2,1
17,9.2,28,31.4,57.2,1
18,9.2,28,31.4,57.2,1
19,9.2,28,31.4,57.2,1
20,9.2,28,31.4,57.2,1
21,9.2,28,31.4,57.2,1
22,9.2,28,31.4,57.2,1
23,9.2,28,31.4,57.2,1
24,9.2,28,31.4,57.2,1
26,9.2,28,31.4,57.2,1
20,13.9,32.6,36.1,48.3,1
21,13.9,32.6,36.1,48.3,1
22,13.9,32.6,36.1,48.3,1
23,13.9,32.6,36.1,48.3,1
24,13.9,32.6,36.1,48.3,1
25,13.9,32.6,36.1,48.3,1
26,13.9,32.6,36.1,48.3,1
4,13,31.8,35.2,48.9,1
5,13,31.8,35.2,48.9,1
6,13,31.8,35.2,48.9,1
7,13,31.8,35.2,48.9,1
8,13,31.8,35.2,48.9,1
9,13,31.8,35.2,48.9,1
10,13,31.8,35.2,48.9,1
11,13,31.8,35.2,48.9,1
13,13,31.8,35.2,48.9,1
14,13,31.8,35.2,48.9,1
15,13,31.8,35.2,48.9,1
16,13,31.8,35.2,48.9,1
17,13,31.8,35.2,48.9,1
18,13,31.8,35.2,48.9,1
19,13,31.8,35.2,48.9,1
20,13,31.8,35.2,48.9,1
21,13,31.8,35.2,48.9,1
22,13,31.8,35.2,48.9,1
23,13,31.8,35.2,48.9,1
24,13,31.8,35.2,48.9,1
25,13,31.8,35.2,48.9,1
26,13,31.8,35.2,48.9,1
0,11.5,30.3,33.7,49.2,3
1,11.5,30.3,33.7,49.2,3
2,11.5,30.3,33.7,49.2,3
3,11.5,30.3,33.7,49.2,3
4,11.5,30.3,33.7,49.2,3
5,11.5,30.3,33.7,49.2,3
6,11.5,30.3,33.7,49.2,3
7,11.5,30.3,33.7,49.2,3
8,11.5,30.3,33.7,49.2,3
9,11.5,30.3,33.7,49.2,3
10,11.5,30.3,33.7,49.2,3
11,11.5,30.3,33.7,49.2,3
12,11.5,30.3,33.7,49.2,3
13,11.5,30.3,33.7,49.2,3
14,11.5,30.3,33.7,49.2,3
15,11.5,30.3,33.7,49.2,3
16,11.5,30.3,33.7,49.2,3
17,11.5,30.3,33.7,49.2,3
18,11.5,30.3,33.7,49.2,3
19,11.5,30.3,33.7,49.2,3
20,11.5,30.3,33.7,49.2,3
21,11.5,30.3,33.7,49.2,3
22,11.5,30.3,33.7,49.2,3
23,11.5,30.3,33.7,49.2,3
24,11.5,30.3,33.7,49.2,3
25,11.5,30.3,33.7,49.2,3
26,11.5,30.3,33.7,49.2,3
0,12.2,31,34.4,50.2,4
1,12.2,31,34.4,50.2,4
2,12.2,31,34.4,50.2,4
3,12.2,31,34.4,50.2,4
4,12.2,31,34.4,50.2,4
5,12.2,31,34.4,50.2,4
6,12.2,31,34.4,50.2,4
7,12.2,31,34.4,50.2,4
8,12.2,31,34.4,50.2,4
9,12.2,31,34.4,50.2,4
10,12.2,31,34.4,50.2,4
11,12.2,31,34.4,50.2,4
12,12.2,31,34.4,50.2,4
13,12.2,31,34.4,50.2,4
14,12.2,31,34.4,50.2,4
15,12.2,31,34.4,50.2,4
16,12.2,31,34.4,50.2,4
17,12.2,31,34.4,50.2,4
18,12.2,31,34.4,50.2,4
19,12.2,31,34.4,50.2,4
20,12.2,31,34.4,50.2,4
21,12.2,31,34.4,50.2,4
22,12.2,31,34.4,50.2,4
23,12.2,31,34.4,50.2,4
24,12.2,31,34.4,50.2,4
25,12.2,31,34.4,50.2,4
26,12.2,31,34.4,50.2,4
13,16.9,35.7,39.1,52.7,0
14,16.9,35.7,39.1,52.7,0
15,16.9,35.7,39.1,52.7,0
16,16.9,35.7,39.1,52.7,0
17,16.9,35.7,39.1,52.7,0
18,16.9,35.7,39.1,52.7,0
19,16.9,35.7,39.1,52.7,0
21,16.9,35.7,39.1,52.7,0
22,16.9,35.7,39.1,52.7,0
2,2.8,24.9,20.2,59.9,0
3,2.8,24.9,20.2,59.9,0
4,2.8,24.9,20.2,59.9,0
5,2.8,24.9,20.2,59.9,0
6,2.8,24.9,20.2,59.9,0
7,2.8,24.9,20.2,59.9,0
8,2.8,24.9,20.2,59.9,0
9,2.8,24.9,20.2,59.9,0
10,2.8,24.9,20.2,59.9,0
11,2.8,24.9,20.2,59.9,0
12,2.8,24.9,20.2,59.9,0
13,2.8,24.9,20.2,59.9,0
14,2.8,24.9,20.2,59.9,0
15,2.8,24.9,20.2,59.9,0
16,2.8,24.9,20.2,59.9,0
17,2.8,24.9,20.2,59.9,0
18,2.8,24.9,20.2,59.9,0
19,2.8,24.9,20.2,59.9,0
20,2.8,24.9,20.2,59.9,0
21,2.8,24.9,20.2,59.9,0
22,2.8,24.9,20.2,59.9,0
23,2.8,24.9,20.2,59.9,0
24,2.8,24.9,20.2,59.9,0
25,2.8,24.9,20.2,59.9,0
26,2.8,24.9,20.2,59.9,0
20,13,31.8,35.2,53.4,2
21,13,31.8,35.2,53.4,2
22,13,31.8,35.2,53.4,2
23,13,31.8,35.2,53.4,2
24,13,31.8,35.2,53.4,2
25,13,31.8,35.2,53.4,2
26,13,31.8,35.2,53.4,2
19,3.7,22.2,18.2,60.8,2
20,3.7,22.2,18.2,60.8,2
21,3.7,22.2,18.2,60.8,2
22,3.7,22.2,18.2,60.8,2
23,3.7,22.2,18.2,60.8,2
24,3.7,22.2,18.2,60.8,2
25,3.7,22.2,18.2,60.8,2
26,3.7,22.2,18.2,60.8,2
26,20.4,39.2,42.6,49.5,0
26,20,38.7,42.2,49.1,0
21,8.7,27.5,30.9,56.6,1
22,8.7,27.5,30.9,56.6,1
24,8.7,27.5,30.9,56.6,1
25,8.7,27.5,30.9,56.6,1
26,8.7,27.5,30.9,56.6,1
23,5,29.2,44.2,40.1,0
24,5,29.2,44.2,40.1,0
25,5,29.2,44.2,40.1,0
26,5,29.2,44.2,40.1,0
23,7.9,26.7,32.2,57.9,2
25,7.9,26.7,32.2,57.9,2
26,7.9,26.7,32.2,57.9,2
3,13.2,32,36.3,44.9,3
4,13.2,32,36.3,44.9,3
5,13.2,32,36.3,44.9,3
6,13.2,32,36.3,44.9,3
7,13.2,32,36.3,44.9,3
8,13.2,32,36.3,44.9,3
9,13.2,32,36.3,44.9,3
10,13.2,32,36.3,44.9,3
11,13.2,32,36.3,44.9,3
12,13.2,32,36.3,44.9,3
13,13.2,32,36.3,44.9,3
14,13.2,32,36.3,44.9,3
15,13.2,32,36.3,44.9,3
16,13.2,32,36.3,44.9,3
17,13.2,32,36.3,44.9,3
18,13.2,32,36.3,44.9,3
19,13.2,32,36.3,44.9,3
20,13.2,32,36.3,44.9,3
21,13.2,32,36.3,44.9,3
22,13.2,32,36.3,44.9,3
23,13.2,32,36.3,44.9,3
24,13.2,32,36.3,44.9,3
25,13.2,32,36.3,44.9,3
26,13.2,32,36.3,44.9,3
0,14.8,33.6,37,45.7,3
3,14.8,33.6,37,45.7,3
4,14.8,33.6,37,45.7,3
5,14.8,33.6,37,45.7,3
6,14.8,33.6,37,45.7,3
7,14.8,33.6,37,45.7,3
8,14.8,33.6,37,45.7,3
9,14.8,33.6,37,45.7,3
10,14.8,33.6,37,45.7,3
11,14.8,33.6,37,45.7,3
12,14.8,33.6,37,45.7,3
13,14.8,33.6,37,45.7,3
14,14.8,33.6,37,45.7,3
15,14.8,33.6,37,45.7,3
16,14.8,33.6,37,45.7,3
17,14.8,33.6,37,45.7,3
18,14.8,33.6,37,45.7,3
19,14.8,33.6,37,45.7,3
20,14.8,33.6,37,45.7,3
21,14.8,33.6,37,45.7,3
26,14.8,33.6,37,45.7,3
18,7.5,26.3,29.7,55.4,0
19,7.5,26.3,29.7,55.4,0
20,7.5,26.3,29.7,55.4,0
21,7.5,26.3,29.7,55.4,0
22,7.5,26.3,29.7,55.4,0
23,7.5,26.3,29.7,55.4,0
24,7.5,26.3,29.7,55.4,0
25,7.5,26.3,29.7,55.4,0
14,8.6,27.4,31.2,59.8,1
15,8.6,27.4,31.2,59.8,1
16,8.6,27.4,31.2,59.8,1
17,8.6,27.4,31.2,59.8,1
18,8.6,27.4,31.2,59.8,1
19,8.6,27.4,31.2,59.8,1
20,8.6,27.4,31.2,59.8,1
21,8.6,27.4,31.2,59.8,1
22,8.6,27.4,31.2,59.8,1
23,8.6,27.4,31.2,59.8,1
24,8.6,27.4,31.2,59.8,1
26,8.6,27.4,31.2,59.8,1
1,24.3,44.6,44.2,40.1,0
2,24.3,44.6,44.2,40.1,0
3,24.3,44.6,44.2,40.1,0
4,24.3,44.6,44.2,40.1,0
5,24.3,44.6,44.2,40.1,0
6,24.3,44.6,44.2,40.1,0
7,24.3,44.6,44.2,40.1,0
8,24.3,44.6,44.2,40.1,0
9,24.3,44.6,44.2,40.1,0
10,24.3,44.6,44.2,40.1,0
11,24.3,44.6,44.2,40.1,0
12,24.3,44.6,44.2,40.1,0
13,24.3,44.6,44.2,40.1,0
14,24.3,44.6,44.2,40.1,0
15,24.3,44.6,44.2,40.1,0
16,24.3,44.6,44.2,40.1,0
17,24.3,44.6,44.2,40.1,0
18,24.3,44.6,44.2,40.1,0
19,24.3,44.6,44.2,40.1,0
20,24.3,44.6,44.2,40.1,0
21,24.3,44.6,44.2,40.1,0
22,24.3,44.6,44.2,40.1,0
23,24.3,44.6,44.2,40.1,0
24,24.3,44.6,44.2,40.1,0
25,24.3,44.6,44.2,40.1,0
26,24.3,44.6,44.2,40.1,0
0,26.1,44.9,46.7,42.6,2
2,26.1,44.9,46.7,42.6,2
3,26.1,44.9,46.7,42.6,2
4,26.1,44.9,46.7,42.6,2
5,26.1,44.9,46.7,42.6,2
6,26.1,44.9,46.7,42.6,2
7,26.1,44.9,46.7,42.6,2
8,26.1,44.9,46.7,42.6,2
9,26.1,44.9,46.7,42.6,2
10,26.1,44.9,46.7,42.6,2
11,26.1,44.9,46.7,42.6,2
12,26.1,44.9,46.7,42.6,2
13,26.1,44.9,46.7,42.6,2
14,26.1,44.9,46.7,42.6,2
15,26.1,44.9,46.7,42.6,2
16,26.1,44.9,46.7,42.6,2
17,26.1,44.9,46.7,42.6,2
18,26.1,44.9,46.7,42.6,2
19,26.1,44.9,46.7,42.6,2
20,26.1,44.9,46.7,42.6,2
21,26.1,44.9,46.7,42.6,2
22,26.1,44.9,46.7,42.6,2
23,26.1,44.9,46.7,42.6,2
24,26.1,44.9,46.7,42.6,2
25,26.1,44.9,46.7,42.6,2
26,26.1,44.9,46.7,42.6,2
4,26.5,45.2,47,42.9,1
7,26.5,45.2,47,42.9,1
8,26.5,45.2,47,42.9,1
9,26.5,45.2,47,42.9,1
10,26.5,45.2,47,42.9,1
11,26.5,45.2,47,42.9,1
12,26.5,45.2,47,42.9,1
13,26.5,45.2,47,42.9,1
14,26.5,45.2,47,42.9,1
15,26.5,45.2,47,42.9,1
16,26.5,45.2,47,42.9,1
17,26.5,45.2,47,42.9,1
18,26.5,45.2,47,42.9,1
19,26.5,45.2,47,42.9,1
20,26.5,45.2,47,42.9,1
21,26.5,45.2,47,42.9,1
22,26.5,45.2,47,42.9,1
23,26.5,45.2,47,42.9,1
24,26.5,45.2,47,42.9,1
25,26.5,45.2,47,42.9,1
26,26.5,45.2,47,42.9,1
7,105,123,118,69.6,1
9,105,123,118,69.6,1
11,105,123,118,69.6,1
12,105,123,118,69.6,1
13,105,123,118,69.6,1
14,105,123,118,69.6,1
15,105,123,118,69.6,1
16,105,123,118,69.6,1
17,105,123,118,69.6,1
18,105,123,118,69.6,1
19,105,123,118,69.6,1
20,105,123,118,69.6,1
21,105,123,118,69.6,1
22,105,123,118,69.6,1
23,105,123,118,69.6,1
24,105,123,118,69.6,1
25,105,123,118,69.6,1
26,105,123,118,69.6,1
23,55.4,74.2,69.2,3.2,9
24,55.4,74.2,69.2,3.2,9
25,55.4,74.2,69.2,3.2,9
26,55.4,74.2,69.2,3.2,9
23,23.6,42.4,44.2,40.1,1
24,23.6,42.4,44.2,40.1,1
25,23.6,42.4,44.2,40.1,1
26,23.6,42.4,44.2,40.1,1
24,52.2,71,64.9,5.1,3
25,52.2,71,64.9,5.1,3
24,58.4,77.2,72.2,1.8,1
25,58.4,77.2,72.2,1.8,1
26,58.4,77.2,72.2,1.8,1
20,22.3,41.1,42.9,38.8,0
23,22.3,41.1,42.9,38.8,0
24,22.3,41.1,42.9,38.8,0
25,22.3,41.1,42.9,38.8,0
26,22.3,41.1,42.9,38.8,0
19,22.2,40.9,42.1,38,0
20,22.2,40.9,42.1,38,0
21,22.2,40.9,42.1,38,0
22,22.2,40.9,42.1,38,0
23,22.2,40.9,42.1,38,0
24,22.2,40.9,42.1,38,0
25,22.2,40.9,42.1,38,0
26,22.2,40.9,42.1,38,0
19,26.1,44.8,46.6,39.5,3
20,26.1,44.8,46.6,39.5,3
21,26.1,44.8,46.6,39.5,3
22,26.1,44.8,46.6,39.5,3
23,26.1,44.8,46.6,39.5,3
24,26.1,44.8,46.6,39.5,3
25,26.1,44.8,46.6,39.5,3
26,26.1,44.8,46.6,39.5,3
0,23.4,42.2,43.9,39.8,3
1,23.4,42.2,43.9,39.8,3
2,23.4,42.2,43.9,39.8,3
3,23.4,42.2,43.9,39.8,3
4,23.4,42.2,43.9,39.8,3
5,23.4,42.2,43.9,39.8,3
6,23.4,42.2,43.9,39.8,3
7,23.4,42.2,43.9,39.8,3
8,23.4,42.2,43.9,39.8,3
9,23.4,42.2,43.9,39.8,3
10,23.4,42.2,43.9,39.8,3
11,23.4,42.2,43.9,39.8,3
12,23.4,42.2,43.9,39.8,3
13,23.4,42.2,43.9,39.8,3
14,23.4,42.2,43.9,39.8,3
15,23.4,42.2,43.9,39.8,3
16,23.4,42.2,43.9,39.8,3
17,23.4,42.2,43.9,39.8,3
18,23.4,42.2,43.9,39.8,3
19,23.4,42.2,43.9,39.8,3
20,23.4,42.2,43.9,39.8,3
21,23.4,42.2,43.9,39.8,3
22,23.4,42.2,43.9,39.8,3
23,23.4,42.2,43.9,39.8,3
24,23.4,42.2,43.9,39.8,3
25,23.4,42.2,43.9,39.8,3
26,23.4,42.2,43.9,39.8,3
19,23.4,42.2,43.9,39.8,3
20,23.4,42.2,43.9,39.8,3
21,23.4,42.2,43.9,39.8,3
22,23.4,42.2,43.9,39.8,3
23,23.4,42.2,43.9,39.8,3
24,23.4,42.2,43.9,39.8,3
25,23.4,42.2,43.9,39.8,3
26,23.4,42.2,43.9,39.8,3
21,51.9,70.7,65.7,8.7,1
22,51.9,70.7,65.7,8.7,1
23,51.9,70.7,65.7,8.7,1
24,51.9,70.7,65.7,8.7,1
25,51.9,70.7,65.7,8.7,1
26,51.9,70.7,65.7,8.7,1
10,37.7,56.5,51.5,28.2,1
11,37.7,56.5,51.5,28.2,1
12,37.7,56.5,51.5,28.2,1
13,37.7,56.5,51.5,28.2,1
14,37.7,56.5,51.5,28.2,1
15,37.7,56.5,51.5,28.2,1
16,37.7,56.5,51.5,28.2,1
17,37.7,56.5,51.5,28.2,1
18,37.7,56.5,51.5,28.2,1
19,37.7,56.5,51.5,28.2,1
20,37.7,56.5,51.5,28.2,1
21,37.7,56.5,51.5,28.2,1
22,37.7,56.5,51.5,28.2,1
23,37.7,56.5,51.5,28.2,1
24,37.7,56.5,51.5,28.2,1
25,37.7,56.5,51.5,28.2,1
26,37.7,56.5,51.5,28.2,1
11,52.6,71.4,66.4,18.6,0
14,52.6,71.4,66.4,18.6,0
15,52.6,71.4,66.4,18.6,0
16,52.6,71.4,66.4,18.6,0
17,52.6,71.4,66.4,18.6,0
19,52.6,71.4,66.4,18.6,0
20,52.6,71.4,66.4,18.6,0
21,52.6,71.4,66.4,18.6,0
22,52.6,71.4,66.4,18.6,0
23,52.6,71.4,66.4,18.6,0
24,52.6,71.4,66.4,18.6,0
25,52.6,71.4,66.4,18.6,0
26,52.6,71.4,66.4,18.6,0
5,53.2,72,67,6.2,2
6,53.2,72,67,6.2,2
7,53.2,72,67,6.2,2
8,53.2,72,67,6.2,2
9,53.2,72,67,6.2,2
10,53.2,72,67,6.2,2
11,53.2,72,67,6.2,2
12,53.2,72,67,6.2,2
13,53.2,72,67,6.2,2
14,53.2,72,67,6.2,2
15,53.2,72,67,6.2,2
16,53.2,72,67,6.2,2
17,53.2,72,67,6.2,2
18,53.2,72,67,6.2,2
19,53.2,72,67,6.2,2
20,53.2,72,67,6.2,2
21,53.2,72,67,6.2,2
22,53.2,72,67,6.2,2
23,53.2,72,67,6.2,2
24,53.2,72,67,6.2,2
25,53.2,72,67,6.2,2
26,53.2,72,67,6.2,2
19,47.6,66.4,61.4,12.1,3
20,47.6,66.4,61.4,12.1,3
21,47.6,66.4,61.4,12.1,3
22,47.6,66.4,61.4,12.1,3
23,47.6,66.4,61.4,12.1,3
24,47.6,66.4,61.4,12.1,3
25,47.6,66.4,61.4,12.1,3
26,47.6,66.4,61.4,12.1,3
0,51.4,70.2,65.2,7.8,3
1,51.4,70.2,65.2,7.8,3
2,51.4,70.2,65.2,7.8,3
3,51.4,70.2,65.2,7.8,3
4,51.4,70.2,65.2,7.8,3
6,51.4,70.2,65.2,7.8,3
7,51.4,70.2,65.2,7.8,3
8,51.4,70.2,65.2,7.8,3
9,51.4,70.2,65.2,7.8,3
10,51.4,70.2,65.2,7.8,3
11,51.4,70.2,65.2,7.8,3
12,51.4,70.2,65.2,7.8,3
13,51.4,70.2,65.2,7.8,3
14,51.4,70.2,65.2,7.8,3
15,51.4,70.2,65.2,7.8,3
16,51.4,70.2,65.2,7.8,3
17,51.4,70.2,65.2,7.8,3
18,51.4,70.2,65.2,7.8,3
19,51.4,70.2,65.2,7.8,3
20,51.4,70.2,65.2,7.8,3
21,51.4,70.2,65.2,7.8,3
22,51.4,70.2,65.2,7.8,3
23,51.4,70.2,65.2,7.8,3
24,51.4,70.2,65.2,7.8,3
25,51.4,70.2,65.2,7.8,3
26,51.4,70.2,65.2,7.8,3
25,51.6,70.4,65.4,8.9,0
26,51.6,70.4,65.4,8.9,0
14,101,120,115,66.3,3
16,101,120,115,66.3,3
17,101,120,115,66.3,3
18,101,120,115,66.3,3
19,101,120,115,66.3,3
20,101,120,115,66.3,3
21,101,120,115,66.3,3
22,101,120,115,66.3,3
23,101,120,115,66.3,3
24,101,120,115,66.3,3
25,101,120,115,66.3,3
26,101,120,115,66.3,3
26,25.4,44.2,45.3,41.2,0
4,23.6,42.4,44.2,40.1,0
5,23.6,42.4,44.2,40.1,0
6,23.6,42.4,44.2,40.1,0
7,23.6,42.4,44.2,40.1,0
8,23.6,42.4,44.2,40.1,0
9,23.6,42.4,44.2,40.1,0
10,23.6,42.4,44.2,40.1,0
11,23.6,42.4,44.2,40.1,0
12,23.6,42.4,44.2,40.1,0
13,23.6,42.4,44.2,40.1,0
14,23.6,42.4,44.2,40.1,0
15,23.6,42.4,44.2,40.1,0
16,23.6,42.4,44.2,40.1,0
17,23.6,42.4,44.2,40.1,0
18,23.6,42.4,44.2,40.1,0
19,23.6,42.4,44.2,40.1,0
20,23.6,42.4,44.2,40.1,0
21,23.6,42.4,44.2,40.1,0
22,23.6,42.4,44.2,40.1,0
23,23.6,42.4,44.2,40.1,0
24,23.6,42.4,44.2,40.1,0
25,23.6,42.4,44.2,40.1,0
26,23.6,42.4,44.2,40.1,0
25,22.9,41.7,44.6,40.5,0
26,22.9,41.7,44.6,40.5,0
24,23.5,42.3,45,40.9,0
25,23.5,42.3,45,40.9,0
26,23.5,42.3,44.9,40.8,0
19,47.2,66,61,15.8,3
20,47.2,66,61,15.8,3
21,47.2,66,61,15.8,3
22,47.2,66,61,15.8,3
23,47.2,66,61,15.8,3
24,47.2,66,61,15.8,3
25,47.2,66,61,15.8,3
26,47.2,66,61,15.8,3
19,43.4,62.2,57.2,15.4,2
20,43.4,62.2,57.2,15.4,2
21,43.4,62.2,57.2,15.4,2
22,43.4,62.2,57.2,15.4,2
23,43.4,62.2,57.2,15.4,2
24,43.4,62.2,57.2,15.4,2
25,43.4,62.2,57.2,15.4,2
26,43.4,62.2,57.2,15.4,2
0,46.8,65.5,60.6,14.9,1
1,46.8,65.5,60.6,14.9,1
2,46.8,65.5,60.6,14.9,1
3,46.8,65.5,60.6,14.9,1
4,46.8,65.5,60.6,14.9,1
5,46.8,65.5,60.6,14.9,1
6,46.8,65.5,60.6,14.9,1
7,46.8,65.5,60.6,14.9,1
8,46.8,65.5,60.6,14.9,1
9,46.8,65.5,60.6,14.9,1
10,46.8,65.5,60.6,14.9,1
11,46.8,65.5,60.6,14.9,1
12,46.8,65.5,60.6,14.9,1
13,46.8,65.5,60.6,14.9,1
14,46.8,65.5,60.6,14.9,1
15,46.8,65.5,60.6,14.9,1
16,46.8,65.5,60.6,14.9,1
17,46.8,65.5,60.6,14.9,1
18,46.8,65.5,60.6,14.9,1
19,46.8,65.5,60.6,14.9,1
20,46.8,65.5,60.6,14.9,1
21,46.8,65.5,60.6,14.9,1
22,46.8,65.5,60.6,14.9,1
23,46.8,65.5,60.6,14.9,1
24,46.8,65.5,60.6,14.9,1
25,46.8,65.5,60.6,14.9,1
26,46.8,65.5,60.6,14.9,1
19,48.7,67.5,62.5,16.2,1
20,48.7,67.5,62.5,16.2,1
21,48.7,67.5,62.5,16.2,1
22,48.7,67.5,62.5,16.2,1
23,48.7,67.5,62.5,16.2,1
24,48.7,67.5,62.5,16.2,1
25,48.7,67.5,62.5,16.2,1
26,48.7,67.5,62.5,16.2,1
26,45.2,64,59.1,10.3,3
13,21.9,40.7,44,39.9,0
14,21.9,40.7,44,39.9,0
15,21.9,40.7,44,39.9,0
16,21.9,40.7,44,39.9,0
17,21.9,40.7,44,39.9,0
24,21.9,40.7,44,39.9,0
25,21.9,40.7,44,39.9,0
26,21.9,40.7,44,39.9,0
26,21.9,40.7,41.9,37.9,0
0,58.6,77.4,72.4,0,3
1,58.6,77.4,72.4,0,3
2,58.6,77.4,72.4,0,3
3,58.6,77.4,72.4,0,3
4,58.6,77.4,72.4,0,3
5,58.6,77.4,72.4,0,3
6,58.6,77.4,72.4,0,3
7,58.6,77.4,72.4,0,3
8,58.6,77.4,72.4,0,3
9,58.6,77.4,72.4,0,3
10,58.6,77.4,72.4,0,3
11,58.6,77.4,72.4,0,3
12,58.6,77.4,72.4,0,3
13,58.6,77.4,72.4,0,3
14,58.6,77.4,72.4,0,3
15,58.6,77.4,72.4,0,3
16,58.6,77.4,72.4,0,3
17,58.6,77.4,72.4,0,3
18,58.6,77.4,72.4,0,3
19,58.6,77.4,72.4,0,3
20,58.6,77.4,72.4,0,3
21,58.6,77.4,72.4,0,3
22,58.6,77.4,72.4,0,3
23,58.6,77.4,72.4,0,3
24,58.6,77.4,72.4,0,3
25,58.6,77.4,72.4,0,3
26,58.6,77.4,72.4,0,3
19,56.4,75.2,70.2,3,2
20,56.4,75.2,70.2,3,2
21,56.4,75.2,70.2,3,2
22,56.4,75.2,70.2,3,2
23,56.4,75.2,70.2,3,2
24,56.4,75.2,70.2,3,2
25,56.4,75.2,70.2,3,2
26,56.4,75.2,70.2,3,2
12,61.8,80.6,75.6,2.5,3
14,61.8,80.6,75.6,2.5,3
17,61.8,80.6,75.6,2.5,3
18,61.8,80.6,75.6,2.5,3
19,61.8,80.6,75.6,2.5,3
20,61.8,80.6,75.6,2.5,3
21,61.8,80.6,75.6,2.5,3
22,61.8,80.6,75.6,2.5,3
23,61.8,80.6,75.6,2.5,3
24,61.8,80.6,75.6,2.5,3
25,61.8,80.6,75.6,2.5,3
26,61.8,80.6,75.6,2.5,3
25,57.8,76.5,71.6,1.3,0
26,57.8,76.5,71.6,1.3,0
